[debug] [2026-08-06T16:19:41.628Z] [Firebase Plugin] Activating Firebase extension.
[debug] [2026-08-06T16:21:37.094Z] [Firebase Plugin] requireAuthWrapper
[debug] [2026-08-06T16:21:37.098Z] > command requires scopes: ["email","openid","https://www.googleapis.com/auth/cloudplatformprojects.readonly","https://www.googleapis.com/auth/firebase","https://www.googleapis.com/auth/cloud-platform"]
[debug] [2026-08-06T16:21:37.100Z] > authorizing via signed-in user (amina.aks88@gmail.com)
[debug] [2026-08-06T16:21:37.110Z] Checked if tokens are valid: false, expires at: 1784902310911
[debug] [2026-08-06T16:21:37.111Z] Checked if tokens are valid: false, expires at: 1784902310911
[debug] [2026-08-06T16:21:37.112Z] > refreshing access token with scopes: []
[debug] [2026-08-06T16:21:37.117Z] >>> [apiv2][query] POST https://www.googleapis.com/oauth2/v3/token [none]
[debug] [2026-08-06T16:21:37.118Z] >>> [apiv2][body] POST https://www.googleapis.com/oauth2/v3/token [omitted]
[debug] [2026-08-06T16:21:37.211Z] [Firebase Plugin] VSCode notification server listening on port 40001
[debug] [2026-08-06T16:21:40.436Z] <<< [apiv2][status] POST https://www.googleapis.com/oauth2/v3/token 200
[debug] [2026-08-06T16:21:40.437Z] <<< [apiv2][body] POST https://www.googleapis.com/oauth2/v3/token [omitted]
[debug] [2026-08-06T16:21:40.483Z] [Firebase Plugin] User found:  amina.aks88@gmail.com
[info] [Firebase Plugin] (Core:Project) New user detected, fetching projects
[debug] [2026-08-06T16:21:40.487Z] Checked if tokens are valid: true, expires at: 1786036899437
[debug] [2026-08-06T16:21:40.489Z] >>> [apiv2][query] GET https://firebase.googleapis.com/v1beta1/projects pageSize=1000
[info] [Firebase Plugin] Starting SQL Connect toolkit (version 3.4.16) on port 50001
[info] i  dataconnect: downloading dataconnect-emulator-3.4.16.exe... {"metadata":{"emulator":{"name":"dataconnect"},"message":"downloading dataconnect-emulator-3.4.16.exe..."}}
[debug] [2026-08-06T16:21:43.851Z] >>> [apiv2][query] GET https://storage.googleapis.com/firemat-preview-drop/emulator/dataconnect-emulator-windows-amd64-v3.4.16 
[debug] [2026-08-06T16:22:03.676Z] <<< [apiv2][status] GET https://storage.googleapis.com/firemat-preview-drop/emulator/dataconnect-emulator-windows-amd64-v3.4.16 200
[debug] [2026-08-06T16:22:03.677Z] <<< [apiv2][body] GET https://storage.googleapis.com/firemat-preview-drop/emulator/dataconnect-emulator-windows-amd64-v3.4.16 [stream]
[debug] [2026-08-06T16:22:03.914Z] <<< [apiv2][status] GET https://firebase.googleapis.com/v1beta1/projects 200
[debug] [2026-08-06T16:22:03.914Z] <<< [apiv2][body] GET https://firebase.googleapis.com/v1beta1/projects [omitted]
[info] i  dataconnect: Removing outdated emulator files: dataconnect-emulator-3.4.15.exe {"metadata":{"emulator":{"name":"dataconnect"},"message":"Removing outdated emulator files: dataconnect-emulator-3.4.15.exe"}}
[debug] [2026-08-06T16:22:23.030Z] 'fdc build' failed with error: Unable to build your SQL Connect schema and connectors (exit code 1): E0806 17:22:22.893363   14068 cmd.go:43] Error loading data connect config: could not find dataconnect.yaml in `c:\mywebsites\run213\dataconnect`
 {"metadata":{"emulator":{"name":"dataconnect"},"message":"'fdc build' failed with error: Unable to build your SQL Connect schema and connectors (exit code 1): E0806 17:22:22.893363   14068 cmd.go:43] Error loading data connect config: could not find dataconnect.yaml in `c:\\mywebsites\\run213\\dataconnect`\n"}}
[debug] [2026-08-06T16:22:23.032Z] Ignoring unsupported arg: auto_download {"metadata":{"emulator":{"name":"dataconnect"},"message":"Ignoring unsupported arg: auto_download"}}
[debug] [2026-08-06T16:22:23.033Z] Ignoring unsupported arg: port {"metadata":{"emulator":{"name":"dataconnect"},"message":"Ignoring unsupported arg: port"}}
[debug] [2026-08-06T16:22:23.034Z] Starting SQL Connect Emulator with command {"binary":"C:\\Users\\BAB AL SAFA\\.cache\\firebase\\emulators\\dataconnect-emulator-3.4.16.exe","args":["--logtostderr","-v=2","dev","--listen=localhost:50001","--config_dir=c:\\mywebsites\\run213\\dataconnect","--enable_output_schema_extensions=true","--enable_output_generated_sdk=true"],"optionalArgs":["listen","config_dir","enable_output_schema_extensions","enable_output_generated_sdk"],"joinArgs":true,"shell":false,"port":9399} {"metadata":{"emulator":{"name":"dataconnect"},"message":"Starting SQL Connect Emulator with command {\"binary\":\"C:\\\\Users\\\\BAB AL SAFA\\\\.cache\\\\firebase\\\\emulators\\\\dataconnect-emulator-3.4.16.exe\",\"args\":[\"--logtostderr\",\"-v=2\",\"dev\",\"--listen=localhost:50001\",\"--config_dir=c:\\\\mywebsites\\\\run213\\\\dataconnect\",\"--enable_output_schema_extensions=true\",\"--enable_output_generated_sdk=true\"],\"optionalArgs\":[\"listen\",\"config_dir\",\"enable_output_schema_extensions\",\"enable_output_generated_sdk\"],\"joinArgs\":true,\"shell\":false,\"port\":9399}"}}
[info] i  dataconnect: SQL Connect Emulator logging to dataconnect-debug.log {"metadata":{"emulator":{"name":"dataconnect"},"message":"SQL Connect Emulator logging to \u001b[1mdataconnect-debug.log\u001b[22m"}}
[debug] [2026-08-06T16:22:23.501Z] E0806 17:22:23.405120     960 dev.go:80] Failed to load initial config from "c:\\mywebsites\\run213\\dataconnect": could not find dataconnect.yaml in `c:\mywebsites\run213\dataconnect`
 {"metadata":{"emulator":{"name":"dataconnect"},"message":"E0806 17:22:23.405120     960 dev.go:80] Failed to load initial config from \"c:\\\\mywebsites\\\\run213\\\\dataconnect\": could not find dataconnect.yaml in `c:\\mywebsites\\run213\\dataconnect`\n"}}
[debug] [2026-08-06T16:22:23.608Z] E0806 17:22:23.502998     960 watch.go:116] watchAllDir unable to walk dir `c:\mywebsites\run213\dataconnect`: GetFileAttributesEx c:\mywebsites\run213\dataconnect: The system cannot find the file specified.
 {"metadata":{"emulator":{"name":"dataconnect"},"message":"E0806 17:22:23.502998     960 watch.go:116] watchAllDir unable to walk dir `c:\\mywebsites\\run213\\dataconnect`: GetFileAttributesEx c:\\mywebsites\\run213\\dataconnect: The system cannot find the file specified.\n"}}
[debug] [2026-08-06T16:22:23.642Z] I0806 17:22:23.642286     960 dev.go:101] Listening on address (HTTP + gRPC): 127.0.0.1:50001
 {"metadata":{"emulator":{"name":"dataconnect"},"message":"I0806 17:22:23.642286     960 dev.go:101] Listening on address (HTTP + gRPC): 127.0.0.1:50001\n"}}
[error] [Firebase Plugin] error:  {}
[debug] [2026-08-06T16:22:33.890Z] E0806 17:22:33.856648     960 watch.go:40] Failed to load config from "c:\\mywebsites\\run213\\dataconnect": could not find dataconnect.yaml in `c:\mywebsites\run213\dataconnect`
 {"metadata":{"emulator":{"name":"dataconnect"},"message":"E0806 17:22:33.856648     960 watch.go:40] Failed to load config from \"c:\\\\mywebsites\\\\run213\\\\dataconnect\": could not find dataconnect.yaml in `c:\\mywebsites\\run213\\dataconnect`\n"}}
[debug] [2026-08-06T16:23:14.684Z] E0806 17:22:43.609283     960 watch.go:40] Failed to load config from "c:\\mywebsites\\run213\\dataconnect": could not find dataconnect.yaml in `c:\mywebsites\run213\dataconnect`
E0806 17:22:53.699436     960 watch.go:40] Failed to load config from "c:\\mywebsites\\run213\\dataconnect": could not find dataconnect.yaml in `c:\mywebsites\run213\dataconnect`
E0806 17:23:03.609581     960 watch.go:40] Failed to load config from "c:\\mywebsites\\run213\\dataconnect": could not find dataconnect.yaml in `c:\mywebsites\run213\dataconnect`
E0806 17:23:13.608812     960 watch.go:40] Failed to load config from "c:\\mywebsites\\run213\\dataconnect": could not find dataconnect.yaml in `c:\mywebsites\run213\dataconnect`
 {"metadata":{"emulator":{"name":"dataconnect"},"message":"E0806 17:22:43.609283     960 watch.go:40] Failed to load config from \"c:\\\\mywebsites\\\\run213\\\\dataconnect\": could not find dataconnect.yaml in `c:\\mywebsites\\run213\\dataconnect`\nE0806 17:22:53.699436     960 watch.go:40] Failed to load config from \"c:\\\\mywebsites\\\\run213\\\\dataconnect\": could not find dataconnect.yaml in `c:\\mywebsites\\run213\\dataconnect`\nE0806 17:23:03.609581     960 watch.go:40] Failed to load config from \"c:\\\\mywebsites\\\\run213\\\\dataconnect\": could not find dataconnect.yaml in `c:\\mywebsites\\run213\\dataconnect`\nE0806 17:23:13.608812     960 watch.go:40] Failed to load config from \"c:\\\\mywebsites\\\\run213\\\\dataconnect\": could not find dataconnect.yaml in `c:\\mywebsites\\run213\\dataconnect`\n"}}
[debug] [2026-08-06T16:23:23.608Z] E0806 17:23:23.608559     960 watch.go:116] watchAllDir unable to walk dir `c:\mywebsites\run213\dataconnect`: GetFileAttributesEx c:\mywebsites\run213\dataconnect: The system cannot find the file specified.
 {"metadata":{"emulator":{"name":"dataconnect"},"message":"E0806 17:23:23.608559     960 watch.go:116] watchAllDir unable to walk dir `c:\\mywebsites\\run213\\dataconnect`: GetFileAttributesEx c:\\mywebsites\\run213\\dataconnect: The system cannot find the file specified.\n"}}
[debug] [2026-08-06T16:23:23.609Z] E0806 17:23:23.608559     960 watch.go:40] Failed to load config from "c:\\mywebsites\\run213\\dataconnect": could not find dataconnect.yaml in `c:\mywebsites\run213\dataconnect`
 {"metadata":{"emulator":{"name":"dataconnect"},"message":"E0806 17:23:23.608559     960 watch.go:40] Failed to load config from \"c:\\\\mywebsites\\\\run213\\\\dataconnect\": could not find dataconnect.yaml in `c:\\mywebsites\\run213\\dataconnect`\n"}}
[debug] [2026-08-06T16:23:33.608Z] E0806 17:23:33.608447     960 watch.go:40] Failed to load config from "c:\\mywebsites\\run213\\dataconnect": could not find dataconnect.yaml in `c:\mywebsites\run213\dataconnect`
 {"metadata":{"emulator":{"name":"dataconnect"},"message":"E0806 17:23:33.608447     960 watch.go:40] Failed to load config from \"c:\\\\mywebsites\\\\run213\\\\dataconnect\": could not find dataconnect.yaml in `c:\\mywebsites\\run213\\dataconnect`\n"}}
[debug] [2026-08-06T16:23:43.678Z] E0806 17:23:43.610476     960 watch.go:40] Failed to load config from "c:\\mywebsites\\run213\\dataconnect": could not find dataconnect.yaml in `c:\mywebsites\run213\dataconnect`
 {"metadata":{"emulator":{"name":"dataconnect"},"message":"E0806 17:23:43.610476     960 watch.go:40] Failed to load config from \"c:\\\\mywebsites\\\\run213\\\\dataconnect\": could not find dataconnect.yaml in `c:\\mywebsites\\run213\\dataconnect`\n"}}
[debug] [2026-08-06T16:23:53.613Z] E0806 17:23:53.612864     960 watch.go:40] Failed to load config from "c:\\mywebsites\\run213\\dataconnect": could not find dataconnect.yaml in `c:\mywebsites\run213\dataconnect`
 {"metadata":{"emulator":{"name":"dataconnect"},"message":"E0806 17:23:53.612864     960 watch.go:40] Failed to load config from \"c:\\\\mywebsites\\\\run213\\\\dataconnect\": could not find dataconnect.yaml in `c:\\mywebsites\\run213\\dataconnect`\n"}}
[debug] [2026-08-06T16:24:03.659Z] E0806 17:24:03.658485     960 watch.go:40] Failed to load config from "c:\\mywebsites\\run213\\dataconnect": could not find dataconnect.yaml in `c:\mywebsites\run213\dataconnect`
 {"metadata":{"emulator":{"name":"dataconnect"},"message":"E0806 17:24:03.658485     960 watch.go:40] Failed to load config from \"c:\\\\mywebsites\\\\run213\\\\dataconnect\": could not find dataconnect.yaml in `c:\\mywebsites\\run213\\dataconnect`\n"}}
[debug] [2026-08-06T16:24:13.609Z] E0806 17:24:13.609285     960 watch.go:40] Failed to load config from "c:\\mywebsites\\run213\\dataconnect": could not find dataconnect.yaml in `c:\mywebsites\run213\dataconnect`
 {"metadata":{"emulator":{"name":"dataconnect"},"message":"E0806 17:24:13.609285     960 watch.go:40] Failed to load config from \"c:\\\\mywebsites\\\\run213\\\\dataconnect\": could not find dataconnect.yaml in `c:\\mywebsites\\run213\\dataconnect`\n"}}
[debug] [2026-08-06T16:24:23.610Z] E0806 17:24:23.608807     960 watch.go:116] watchAllDir unable to walk dir `c:\mywebsites\run213\dataconnect`: GetFileAttributesEx c:\mywebsites\run213\dataconnect: The system cannot find the file specified.
 {"metadata":{"emulator":{"name":"dataconnect"},"message":"E0806 17:24:23.608807     960 watch.go:116] watchAllDir unable to walk dir `c:\\mywebsites\\run213\\dataconnect`: GetFileAttributesEx c:\\mywebsites\\run213\\dataconnect: The system cannot find the file specified.\n"}}
[debug] [2026-08-06T16:24:23.612Z] E0806 17:24:23.611384     960 watch.go:40] Failed to load config from "c:\\mywebsites\\run213\\dataconnect": could not find dataconnect.yaml in `c:\mywebsites\run213\dataconnect`
 {"metadata":{"emulator":{"name":"dataconnect"},"message":"E0806 17:24:23.611384     960 watch.go:40] Failed to load config from \"c:\\\\mywebsites\\\\run213\\\\dataconnect\": could not find dataconnect.yaml in `c:\\mywebsites\\run213\\dataconnect`\n"}}
[debug] [2026-08-06T16:24:33.614Z] E0806 17:24:33.613613     960 watch.go:40] Failed to load config from "c:\\mywebsites\\run213\\dataconnect": could not find dataconnect.yaml in `c:\mywebsites\run213\dataconnect`
 {"metadata":{"emulator":{"name":"dataconnect"},"message":"E0806 17:24:33.613613     960 watch.go:40] Failed to load config from \"c:\\\\mywebsites\\\\run213\\\\dataconnect\": could not find dataconnect.yaml in `c:\\mywebsites\\run213\\dataconnect`\n"}}
[debug] [2026-08-06T16:24:43.609Z] E0806 17:24:43.609284     960 watch.go:40] Failed to load config from "c:\\mywebsites\\run213\\dataconnect": could not find dataconnect.yaml in `c:\mywebsites\run213\dataconnect`
 {"metadata":{"emulator":{"name":"dataconnect"},"message":"E0806 17:24:43.609284     960 watch.go:40] Failed to load config from \"c:\\\\mywebsites\\\\run213\\\\dataconnect\": could not find dataconnect.yaml in `c:\\mywebsites\\run213\\dataconnect`\n"}}
[debug] [2026-08-06T16:24:53.609Z] E0806 17:24:53.609713     960 watch.go:40] Failed to load config from "c:\\mywebsites\\run213\\dataconnect": could not find dataconnect.yaml in `c:\mywebsites\run213\dataconnect`
 {"metadata":{"emulator":{"name":"dataconnect"},"message":"E0806 17:24:53.609713     960 watch.go:40] Failed to load config from \"c:\\\\mywebsites\\\\run213\\\\dataconnect\": could not find dataconnect.yaml in `c:\\mywebsites\\run213\\dataconnect`\n"}}
[debug] [2026-08-06T16:25:03.609Z] E0806 17:25:03.609510     960 watch.go:40] Failed to load config from "c:\\mywebsites\\run213\\dataconnect": could not find dataconnect.yaml in `c:\mywebsites\run213\dataconnect`
 {"metadata":{"emulator":{"name":"dataconnect"},"message":"E0806 17:25:03.609510     960 watch.go:40] Failed to load config from \"c:\\\\mywebsites\\\\run213\\\\dataconnect\": could not find dataconnect.yaml in `c:\\mywebsites\\run213\\dataconnect`\n"}}
[debug] [2026-08-06T16:25:13.612Z] E0806 17:25:13.608267     960 watch.go:40] Failed to load config from "c:\\mywebsites\\run213\\dataconnect": could not find dataconnect.yaml in `c:\mywebsites\run213\dataconnect`
 {"metadata":{"emulator":{"name":"dataconnect"},"message":"E0806 17:25:13.608267     960 watch.go:40] Failed to load config from \"c:\\\\mywebsites\\\\run213\\\\dataconnect\": could not find dataconnect.yaml in `c:\\mywebsites\\run213\\dataconnect`\n"}}
[debug] [2026-08-06T16:25:23.608Z] E0806 17:25:23.608259     960 watch.go:40] Failed to load config from "c:\\mywebsites\\run213\\dataconnect": could not find dataconnect.yaml in `c:\mywebsites\run213\dataconnect`
 {"metadata":{"emulator":{"name":"dataconnect"},"message":"E0806 17:25:23.608259     960 watch.go:40] Failed to load config from \"c:\\\\mywebsites\\\\run213\\\\dataconnect\": could not find dataconnect.yaml in `c:\\mywebsites\\run213\\dataconnect`\n"}}
[debug] [2026-08-06T16:25:23.611Z] E0806 17:25:23.610472     960 watch.go:116] watchAllDir unable to walk dir `c:\mywebsites\run213\dataconnect`: GetFileAttributesEx c:\mywebsites\run213\dataconnect: The system cannot find the file specified.
 {"metadata":{"emulator":{"name":"dataconnect"},"message":"E0806 17:25:23.610472     960 watch.go:116] watchAllDir unable to walk dir `c:\\mywebsites\\run213\\dataconnect`: GetFileAttributesEx c:\\mywebsites\\run213\\dataconnect: The system cannot find the file specified.\n"}}
[debug] [2026-08-06T16:25:33.609Z] E0806 17:25:33.608752     960 watch.go:40] Failed to load config from "c:\\mywebsites\\run213\\dataconnect": could not find dataconnect.yaml in `c:\mywebsites\run213\dataconnect`
 {"metadata":{"emulator":{"name":"dataconnect"},"message":"E0806 17:25:33.608752     960 watch.go:40] Failed to load config from \"c:\\\\mywebsites\\\\run213\\\\dataconnect\": could not find dataconnect.yaml in `c:\\mywebsites\\run213\\dataconnect`\n"}}
[debug] [2026-08-06T16:25:43.617Z] E0806 17:25:43.617830     960 watch.go:40] Failed to load config from "c:\\mywebsites\\run213\\dataconnect": could not find dataconnect.yaml in `c:\mywebsites\run213\dataconnect`
 {"metadata":{"emulator":{"name":"dataconnect"},"message":"E0806 17:25:43.617830     960 watch.go:40] Failed to load config from \"c:\\\\mywebsites\\\\run213\\\\dataconnect\": could not find dataconnect.yaml in `c:\\mywebsites\\run213\\dataconnect`\n"}}
[debug] [2026-08-06T16:25:53.609Z] E0806 17:25:53.609568     960 watch.go:40] Failed to load config from "c:\\mywebsites\\run213\\dataconnect": could not find dataconnect.yaml in `c:\mywebsites\run213\dataconnect`
 {"metadata":{"emulator":{"name":"dataconnect"},"message":"E0806 17:25:53.609568     960 watch.go:40] Failed to load config from \"c:\\\\mywebsites\\\\run213\\\\dataconnect\": could not find dataconnect.yaml in `c:\\mywebsites\\run213\\dataconnect`\n"}}
[debug] [2026-08-06T16:26:03.608Z] E0806 17:26:03.608404     960 watch.go:40] Failed to load config from "c:\\mywebsites\\run213\\dataconnect": could not find dataconnect.yaml in `c:\mywebsites\run213\dataconnect`
 {"metadata":{"emulator":{"name":"dataconnect"},"message":"E0806 17:26:03.608404     960 watch.go:40] Failed to load config from \"c:\\\\mywebsites\\\\run213\\\\dataconnect\": could not find dataconnect.yaml in `c:\\mywebsites\\run213\\dataconnect`\n"}}
[debug] [2026-08-06T16:26:13.609Z] E0806 17:26:13.609214     960 watch.go:40] Failed to load config from "c:\\mywebsites\\run213\\dataconnect": could not find dataconnect.yaml in `c:\mywebsites\run213\dataconnect`
 {"metadata":{"emulator":{"name":"dataconnect"},"message":"E0806 17:26:13.609214     960 watch.go:40] Failed to load config from \"c:\\\\mywebsites\\\\run213\\\\dataconnect\": could not find dataconnect.yaml in `c:\\mywebsites\\run213\\dataconnect`\n"}}
[debug] [2026-08-06T16:26:23.608Z] E0806 17:26:23.608827     960 watch.go:116] watchAllDir unable to walk dir `c:\mywebsites\run213\dataconnect`: GetFileAttributesEx c:\mywebsites\run213\dataconnect: The system cannot find the file specified.
 {"metadata":{"emulator":{"name":"dataconnect"},"message":"E0806 17:26:23.608827     960 watch.go:116] watchAllDir unable to walk dir `c:\\mywebsites\\run213\\dataconnect`: GetFileAttributesEx c:\\mywebsites\\run213\\dataconnect: The system cannot find the file specified.\n"}}
[debug] [2026-08-06T16:26:23.610Z] E0806 17:26:23.609336     960 watch.go:40] Failed to load config from "c:\\mywebsites\\run213\\dataconnect": could not find dataconnect.yaml in `c:\mywebsites\run213\dataconnect`
 {"metadata":{"emulator":{"name":"dataconnect"},"message":"E0806 17:26:23.609336     960 watch.go:40] Failed to load config from \"c:\\\\mywebsites\\\\run213\\\\dataconnect\": could not find dataconnect.yaml in `c:\\mywebsites\\run213\\dataconnect`\n"}}
[debug] [2026-08-06T16:26:33.613Z] E0806 17:26:33.612766     960 watch.go:40] Failed to load config from "c:\\mywebsites\\run213\\dataconnect": could not find dataconnect.yaml in `c:\mywebsites\run213\dataconnect`
 {"metadata":{"emulator":{"name":"dataconnect"},"message":"E0806 17:26:33.612766     960 watch.go:40] Failed to load config from \"c:\\\\mywebsites\\\\run213\\\\dataconnect\": could not find dataconnect.yaml in `c:\\mywebsites\\run213\\dataconnect`\n"}}
[debug] [2026-08-06T16:26:43.609Z] E0806 17:26:43.609124     960 watch.go:40] Failed to load config from "c:\\mywebsites\\run213\\dataconnect": could not find dataconnect.yaml in `c:\mywebsites\run213\dataconnect`
 {"metadata":{"emulator":{"name":"dataconnect"},"message":"E0806 17:26:43.609124     960 watch.go:40] Failed to load config from \"c:\\\\mywebsites\\\\run213\\\\dataconnect\": could not find dataconnect.yaml in `c:\\mywebsites\\run213\\dataconnect`\n"}}
[debug] [2026-08-06T16:26:53.609Z] E0806 17:26:53.609182     960 watch.go:40] Failed to load config from "c:\\mywebsites\\run213\\dataconnect": could not find dataconnect.yaml in `c:\mywebsites\run213\dataconnect`
 {"metadata":{"emulator":{"name":"dataconnect"},"message":"E0806 17:26:53.609182     960 watch.go:40] Failed to load config from \"c:\\\\mywebsites\\\\run213\\\\dataconnect\": could not find dataconnect.yaml in `c:\\mywebsites\\run213\\dataconnect`\n"}}
[debug] [2026-08-06T16:27:03.724Z] E0806 17:27:03.723186     960 watch.go:40] Failed to load config from "c:\\mywebsites\\run213\\dataconnect": could not find dataconnect.yaml in `c:\mywebsites\run213\dataconnect`
 {"metadata":{"emulator":{"name":"dataconnect"},"message":"E0806 17:27:03.723186     960 watch.go:40] Failed to load config from \"c:\\\\mywebsites\\\\run213\\\\dataconnect\": could not find dataconnect.yaml in `c:\\mywebsites\\run213\\dataconnect`\n"}}
[debug] [2026-08-06T16:27:13.608Z] E0806 17:27:13.608472     960 watch.go:40] Failed to load config from "c:\\mywebsites\\run213\\dataconnect": could not find dataconnect.yaml in `c:\mywebsites\run213\dataconnect`
 {"metadata":{"emulator":{"name":"dataconnect"},"message":"E0806 17:27:13.608472     960 watch.go:40] Failed to load config from \"c:\\\\mywebsites\\\\run213\\\\dataconnect\": could not find dataconnect.yaml in `c:\\mywebsites\\run213\\dataconnect`\n"}}
[debug] [2026-08-06T16:27:23.632Z] E0806 17:27:23.630475     960 watch.go:116] watchAllDir unable to walk dir `c:\mywebsites\run213\dataconnect`: GetFileAttributesEx c:\mywebsites\run213\dataconnect: The system cannot find the file specified.
 {"metadata":{"emulator":{"name":"dataconnect"},"message":"E0806 17:27:23.630475     960 watch.go:116] watchAllDir unable to walk dir `c:\\mywebsites\\run213\\dataconnect`: GetFileAttributesEx c:\\mywebsites\\run213\\dataconnect: The system cannot find the file specified.\n"}}
[debug] [2026-08-06T16:27:23.634Z] E0806 17:27:23.630475     960 watch.go:40] Failed to load config from "c:\\mywebsites\\run213\\dataconnect": could not find dataconnect.yaml in `c:\mywebsites\run213\dataconnect`
 {"metadata":{"emulator":{"name":"dataconnect"},"message":"E0806 17:27:23.630475     960 watch.go:40] Failed to load config from \"c:\\\\mywebsites\\\\run213\\\\dataconnect\": could not find dataconnect.yaml in `c:\\mywebsites\\run213\\dataconnect`\n"}}
[debug] [2026-08-06T16:27:33.611Z] E0806 17:27:33.611546     960 watch.go:40] Failed to load config from "c:\\mywebsites\\run213\\dataconnect": could not find dataconnect.yaml in `c:\mywebsites\run213\dataconnect`
 {"metadata":{"emulator":{"name":"dataconnect"},"message":"E0806 17:27:33.611546     960 watch.go:40] Failed to load config from \"c:\\\\mywebsites\\\\run213\\\\dataconnect\": could not find dataconnect.yaml in `c:\\mywebsites\\run213\\dataconnect`\n"}}
[debug] [2026-08-06T16:27:43.612Z] E0806 17:27:43.611791     960 watch.go:40] Failed to load config from "c:\\mywebsites\\run213\\dataconnect": could not find dataconnect.yaml in `c:\mywebsites\run213\dataconnect`
 {"metadata":{"emulator":{"name":"dataconnect"},"message":"E0806 17:27:43.611791     960 watch.go:40] Failed to load config from \"c:\\\\mywebsites\\\\run213\\\\dataconnect\": could not find dataconnect.yaml in `c:\\mywebsites\\run213\\dataconnect`\n"}}
[debug] [2026-08-06T16:27:53.608Z] E0806 17:27:53.608241     960 watch.go:40] Failed to load config from "c:\\mywebsites\\run213\\dataconnect": could not find dataconnect.yaml in `c:\mywebsites\run213\dataconnect`
 {"metadata":{"emulator":{"name":"dataconnect"},"message":"E0806 17:27:53.608241     960 watch.go:40] Failed to load config from \"c:\\\\mywebsites\\\\run213\\\\dataconnect\": could not find dataconnect.yaml in `c:\\mywebsites\\run213\\dataconnect`\n"}}
[debug] [2026-08-06T16:28:03.608Z] E0806 17:28:03.608192     960 watch.go:40] Failed to load config from "c:\\mywebsites\\run213\\dataconnect": could not find dataconnect.yaml in `c:\mywebsites\run213\dataconnect`
 {"metadata":{"emulator":{"name":"dataconnect"},"message":"E0806 17:28:03.608192     960 watch.go:40] Failed to load config from \"c:\\\\mywebsites\\\\run213\\\\dataconnect\": could not find dataconnect.yaml in `c:\\mywebsites\\run213\\dataconnect`\n"}}
[debug] [2026-08-06T16:28:13.610Z] E0806 17:28:13.610235     960 watch.go:40] Failed to load config from "c:\\mywebsites\\run213\\dataconnect": could not find dataconnect.yaml in `c:\mywebsites\run213\dataconnect`
 {"metadata":{"emulator":{"name":"dataconnect"},"message":"E0806 17:28:13.610235     960 watch.go:40] Failed to load config from \"c:\\\\mywebsites\\\\run213\\\\dataconnect\": could not find dataconnect.yaml in `c:\\mywebsites\\run213\\dataconnect`\n"}}
[debug] [2026-08-06T16:28:23.608Z] E0806 17:28:23.608434     960 watch.go:116] watchAllDir unable to walk dir `c:\mywebsites\run213\dataconnect`: GetFileAttributesEx c:\mywebsites\run213\dataconnect: The system cannot find the file specified.
 {"metadata":{"emulator":{"name":"dataconnect"},"message":"E0806 17:28:23.608434     960 watch.go:116] watchAllDir unable to walk dir `c:\\mywebsites\\run213\\dataconnect`: GetFileAttributesEx c:\\mywebsites\\run213\\dataconnect: The system cannot find the file specified.\n"}}
[debug] [2026-08-06T16:28:23.609Z] E0806 17:28:23.609035     960 watch.go:40] Failed to load config from "c:\\mywebsites\\run213\\dataconnect": could not find dataconnect.yaml in `c:\mywebsites\run213\dataconnect`
 {"metadata":{"emulator":{"name":"dataconnect"},"message":"E0806 17:28:23.609035     960 watch.go:40] Failed to load config from \"c:\\\\mywebsites\\\\run213\\\\dataconnect\": could not find dataconnect.yaml in `c:\\mywebsites\\run213\\dataconnect`\n"}}
[debug] [2026-08-06T16:28:33.610Z] E0806 17:28:33.609841     960 watch.go:40] Failed to load config from "c:\\mywebsites\\run213\\dataconnect": could not find dataconnect.yaml in `c:\mywebsites\run213\dataconnect`
 {"metadata":{"emulator":{"name":"dataconnect"},"message":"E0806 17:28:33.609841     960 watch.go:40] Failed to load config from \"c:\\\\mywebsites\\\\run213\\\\dataconnect\": could not find dataconnect.yaml in `c:\\mywebsites\\run213\\dataconnect`\n"}}
[debug] [2026-08-06T16:28:43.609Z] E0806 17:28:43.608894     960 watch.go:40] Failed to load config from "c:\\mywebsites\\run213\\dataconnect": could not find dataconnect.yaml in `c:\mywebsites\run213\dataconnect`
 {"metadata":{"emulator":{"name":"dataconnect"},"message":"E0806 17:28:43.608894     960 watch.go:40] Failed to load config from \"c:\\\\mywebsites\\\\run213\\\\dataconnect\": could not find dataconnect.yaml in `c:\\mywebsites\\run213\\dataconnect`\n"}}
[debug] [2026-08-06T16:28:53.609Z] E0806 17:28:53.609090     960 watch.go:40] Failed to load config from "c:\\mywebsites\\run213\\dataconnect": could not find dataconnect.yaml in `c:\mywebsites\run213\dataconnect`
 {"metadata":{"emulator":{"name":"dataconnect"},"message":"E0806 17:28:53.609090     960 watch.go:40] Failed to load config from \"c:\\\\mywebsites\\\\run213\\\\dataconnect\": could not find dataconnect.yaml in `c:\\mywebsites\\run213\\dataconnect`\n"}}
[debug] [2026-08-06T16:29:03.609Z] E0806 17:29:03.609288     960 watch.go:40] Failed to load config from "c:\\mywebsites\\run213\\dataconnect": could not find dataconnect.yaml in `c:\mywebsites\run213\dataconnect`
 {"metadata":{"emulator":{"name":"dataconnect"},"message":"E0806 17:29:03.609288     960 watch.go:40] Failed to load config from \"c:\\\\mywebsites\\\\run213\\\\dataconnect\": could not find dataconnect.yaml in `c:\\mywebsites\\run213\\dataconnect`\n"}}
[debug] [2026-08-06T16:29:13.609Z] E0806 17:29:13.609163     960 watch.go:40] Failed to load config from "c:\\mywebsites\\run213\\dataconnect": could not find dataconnect.yaml in `c:\mywebsites\run213\dataconnect`
 {"metadata":{"emulator":{"name":"dataconnect"},"message":"E0806 17:29:13.609163     960 watch.go:40] Failed to load config from \"c:\\\\mywebsites\\\\run213\\\\dataconnect\": could not find dataconnect.yaml in `c:\\mywebsites\\run213\\dataconnect`\n"}}
[debug] [2026-08-06T16:29:23.609Z] E0806 17:29:23.608927     960 watch.go:116] watchAllDir unable to walk dir `c:\mywebsites\run213\dataconnect`: GetFileAttributesEx c:\mywebsites\run213\dataconnect: The system cannot find the file specified.
 {"metadata":{"emulator":{"name":"dataconnect"},"message":"E0806 17:29:23.608927     960 watch.go:116] watchAllDir unable to walk dir `c:\\mywebsites\\run213\\dataconnect`: GetFileAttributesEx c:\\mywebsites\\run213\\dataconnect: The system cannot find the file specified.\n"}}
[debug] [2026-08-06T16:29:23.611Z] E0806 17:29:23.609534     960 watch.go:40] Failed to load config from "c:\\mywebsites\\run213\\dataconnect": could not find dataconnect.yaml in `c:\mywebsites\run213\dataconnect`
 {"metadata":{"emulator":{"name":"dataconnect"},"message":"E0806 17:29:23.609534     960 watch.go:40] Failed to load config from \"c:\\\\mywebsites\\\\run213\\\\dataconnect\": could not find dataconnect.yaml in `c:\\mywebsites\\run213\\dataconnect`\n"}}
[debug] [2026-08-06T16:29:33.610Z] E0806 17:29:33.609458     960 watch.go:40] Failed to load config from "c:\\mywebsites\\run213\\dataconnect": could not find dataconnect.yaml in `c:\mywebsites\run213\dataconnect`
 {"metadata":{"emulator":{"name":"dataconnect"},"message":"E0806 17:29:33.609458     960 watch.go:40] Failed to load config from \"c:\\\\mywebsites\\\\run213\\\\dataconnect\": could not find dataconnect.yaml in `c:\\mywebsites\\run213\\dataconnect`\n"}}
[debug] [2026-08-06T16:29:43.610Z] E0806 17:29:43.609046     960 watch.go:40] Failed to load config from "c:\\mywebsites\\run213\\dataconnect": could not find dataconnect.yaml in `c:\mywebsites\run213\dataconnect`
 {"metadata":{"emulator":{"name":"dataconnect"},"message":"E0806 17:29:43.609046     960 watch.go:40] Failed to load config from \"c:\\\\mywebsites\\\\run213\\\\dataconnect\": could not find dataconnect.yaml in `c:\\mywebsites\\run213\\dataconnect`\n"}}
[debug] [2026-08-06T16:29:53.609Z] E0806 17:29:53.609268     960 watch.go:40] Failed to load config from "c:\\mywebsites\\run213\\dataconnect": could not find dataconnect.yaml in `c:\mywebsites\run213\dataconnect`
 {"metadata":{"emulator":{"name":"dataconnect"},"message":"E0806 17:29:53.609268     960 watch.go:40] Failed to load config from \"c:\\\\mywebsites\\\\run213\\\\dataconnect\": could not find dataconnect.yaml in `c:\\mywebsites\\run213\\dataconnect`\n"}}
[debug] [2026-08-06T16:30:03.609Z] E0806 17:30:03.609306     960 watch.go:40] Failed to load config from "c:\\mywebsites\\run213\\dataconnect": could not find dataconnect.yaml in `c:\mywebsites\run213\dataconnect`
 {"metadata":{"emulator":{"name":"dataconnect"},"message":"E0806 17:30:03.609306     960 watch.go:40] Failed to load config from \"c:\\\\mywebsites\\\\run213\\\\dataconnect\": could not find dataconnect.yaml in `c:\\mywebsites\\run213\\dataconnect`\n"}}
[debug] [2026-08-06T16:30:13.608Z] E0806 17:30:13.608749     960 watch.go:40] Failed to load config from "c:\\mywebsites\\run213\\dataconnect": could not find dataconnect.yaml in `c:\mywebsites\run213\dataconnect`
 {"metadata":{"emulator":{"name":"dataconnect"},"message":"E0806 17:30:13.608749     960 watch.go:40] Failed to load config from \"c:\\\\mywebsites\\\\run213\\\\dataconnect\": could not find dataconnect.yaml in `c:\\mywebsites\\run213\\dataconnect`\n"}}
[debug] [2026-08-06T16:30:23.608Z] E0806 17:30:23.608445     960 watch.go:116] watchAllDir unable to walk dir `c:\mywebsites\run213\dataconnect`: GetFileAttributesEx c:\mywebsites\run213\dataconnect: The system cannot find the file specified.
 {"metadata":{"emulator":{"name":"dataconnect"},"message":"E0806 17:30:23.608445     960 watch.go:116] watchAllDir unable to walk dir `c:\\mywebsites\\run213\\dataconnect`: GetFileAttributesEx c:\\mywebsites\\run213\\dataconnect: The system cannot find the file specified.\n"}}
[debug] [2026-08-06T16:30:23.610Z] E0806 17:30:23.608958     960 watch.go:40] Failed to load config from "c:\\mywebsites\\run213\\dataconnect": could not find dataconnect.yaml in `c:\mywebsites\run213\dataconnect`
 {"metadata":{"emulator":{"name":"dataconnect"},"message":"E0806 17:30:23.608958     960 watch.go:40] Failed to load config from \"c:\\\\mywebsites\\\\run213\\\\dataconnect\": could not find dataconnect.yaml in `c:\\mywebsites\\run213\\dataconnect`\n"}}
[debug] [2026-08-06T16:30:33.608Z] E0806 17:30:33.608407     960 watch.go:40] Failed to load config from "c:\\mywebsites\\run213\\dataconnect": could not find dataconnect.yaml in `c:\mywebsites\run213\dataconnect`
 {"metadata":{"emulator":{"name":"dataconnect"},"message":"E0806 17:30:33.608407     960 watch.go:40] Failed to load config from \"c:\\\\mywebsites\\\\run213\\\\dataconnect\": could not find dataconnect.yaml in `c:\\mywebsites\\run213\\dataconnect`\n"}}
[debug] [2026-08-06T16:30:43.609Z] E0806 17:30:43.608749     960 watch.go:40] Failed to load config from "c:\\mywebsites\\run213\\dataconnect": could not find dataconnect.yaml in `c:\mywebsites\run213\dataconnect`
 {"metadata":{"emulator":{"name":"dataconnect"},"message":"E0806 17:30:43.608749     960 watch.go:40] Failed to load config from \"c:\\\\mywebsites\\\\run213\\\\dataconnect\": could not find dataconnect.yaml in `c:\\mywebsites\\run213\\dataconnect`\n"}}
[debug] [2026-08-06T16:30:53.610Z] E0806 17:30:53.610075     960 watch.go:40] Failed to load config from "c:\\mywebsites\\run213\\dataconnect": could not find dataconnect.yaml in `c:\mywebsites\run213\dataconnect`
 {"metadata":{"emulator":{"name":"dataconnect"},"message":"E0806 17:30:53.610075     960 watch.go:40] Failed to load config from \"c:\\\\mywebsites\\\\run213\\\\dataconnect\": could not find dataconnect.yaml in `c:\\mywebsites\\run213\\dataconnect`\n"}}
[debug] [2026-08-06T16:31:03.609Z] E0806 17:31:03.608528     960 watch.go:40] Failed to load config from "c:\\mywebsites\\run213\\dataconnect": could not find dataconnect.yaml in `c:\mywebsites\run213\dataconnect`
 {"metadata":{"emulator":{"name":"dataconnect"},"message":"E0806 17:31:03.608528     960 watch.go:40] Failed to load config from \"c:\\\\mywebsites\\\\run213\\\\dataconnect\": could not find dataconnect.yaml in `c:\\mywebsites\\run213\\dataconnect`\n"}}
[debug] [2026-08-06T16:31:13.612Z] E0806 17:31:13.608299     960 watch.go:40] Failed to load config from "c:\\mywebsites\\run213\\dataconnect": could not find dataconnect.yaml in `c:\mywebsites\run213\dataconnect`
 {"metadata":{"emulator":{"name":"dataconnect"},"message":"E0806 17:31:13.608299     960 watch.go:40] Failed to load config from \"c:\\\\mywebsites\\\\run213\\\\dataconnect\": could not find dataconnect.yaml in `c:\\mywebsites\\run213\\dataconnect`\n"}}
[debug] [2026-08-06T16:31:23.608Z] E0806 17:31:23.608138     960 watch.go:116] watchAllDir unable to walk dir `c:\mywebsites\run213\dataconnect`: GetFileAttributesEx c:\mywebsites\run213\dataconnect: The system cannot find the file specified.
 {"metadata":{"emulator":{"name":"dataconnect"},"message":"E0806 17:31:23.608138     960 watch.go:116] watchAllDir unable to walk dir `c:\\mywebsites\\run213\\dataconnect`: GetFileAttributesEx c:\\mywebsites\\run213\\dataconnect: The system cannot find the file specified.\n"}}
[debug] [2026-08-06T16:31:23.609Z] E0806 17:31:23.608138     960 watch.go:40] Failed to load config from "c:\\mywebsites\\run213\\dataconnect": could not find dataconnect.yaml in `c:\mywebsites\run213\dataconnect`
 {"metadata":{"emulator":{"name":"dataconnect"},"message":"E0806 17:31:23.608138     960 watch.go:40] Failed to load config from \"c:\\\\mywebsites\\\\run213\\\\dataconnect\": could not find dataconnect.yaml in `c:\\mywebsites\\run213\\dataconnect`\n"}}
[debug] [2026-08-06T16:31:33.630Z] E0806 17:31:33.630491     960 watch.go:40] Failed to load config from "c:\\mywebsites\\run213\\dataconnect": could not find dataconnect.yaml in `c:\mywebsites\run213\dataconnect`
 {"metadata":{"emulator":{"name":"dataconnect"},"message":"E0806 17:31:33.630491     960 watch.go:40] Failed to load config from \"c:\\\\mywebsites\\\\run213\\\\dataconnect\": could not find dataconnect.yaml in `c:\\mywebsites\\run213\\dataconnect`\n"}}
[debug] [2026-08-06T16:31:43.610Z] E0806 17:31:43.609581     960 watch.go:40] Failed to load config from "c:\\mywebsites\\run213\\dataconnect": could not find dataconnect.yaml in `c:\mywebsites\run213\dataconnect`
 {"metadata":{"emulator":{"name":"dataconnect"},"message":"E0806 17:31:43.609581     960 watch.go:40] Failed to load config from \"c:\\\\mywebsites\\\\run213\\\\dataconnect\": could not find dataconnect.yaml in `c:\\mywebsites\\run213\\dataconnect`\n"}}
[debug] [2026-08-06T16:31:53.608Z] E0806 17:31:53.608827     960 watch.go:40] Failed to load config from "c:\\mywebsites\\run213\\dataconnect": could not find dataconnect.yaml in `c:\mywebsites\run213\dataconnect`
 {"metadata":{"emulator":{"name":"dataconnect"},"message":"E0806 17:31:53.608827     960 watch.go:40] Failed to load config from \"c:\\\\mywebsites\\\\run213\\\\dataconnect\": could not find dataconnect.yaml in `c:\\mywebsites\\run213\\dataconnect`\n"}}
[debug] [2026-08-06T16:32:03.608Z] E0806 17:32:03.608217     960 watch.go:40] Failed to load config from "c:\\mywebsites\\run213\\dataconnect": could not find dataconnect.yaml in `c:\mywebsites\run213\dataconnect`
 {"metadata":{"emulator":{"name":"dataconnect"},"message":"E0806 17:32:03.608217     960 watch.go:40] Failed to load config from \"c:\\\\mywebsites\\\\run213\\\\dataconnect\": could not find dataconnect.yaml in `c:\\mywebsites\\run213\\dataconnect`\n"}}
[debug] [2026-08-06T16:32:13.609Z] E0806 17:32:13.609361     960 watch.go:40] Failed to load config from "c:\\mywebsites\\run213\\dataconnect": could not find dataconnect.yaml in `c:\mywebsites\run213\dataconnect`
 {"metadata":{"emulator":{"name":"dataconnect"},"message":"E0806 17:32:13.609361     960 watch.go:40] Failed to load config from \"c:\\\\mywebsites\\\\run213\\\\dataconnect\": could not find dataconnect.yaml in `c:\\mywebsites\\run213\\dataconnect`\n"}}
[debug] [2026-08-06T16:32:23.608Z] E0806 17:32:23.608397     960 watch.go:116] watchAllDir unable to walk dir `c:\mywebsites\run213\dataconnect`: GetFileAttributesEx c:\mywebsites\run213\dataconnect: The system cannot find the file specified.
 {"metadata":{"emulator":{"name":"dataconnect"},"message":"E0806 17:32:23.608397     960 watch.go:116] watchAllDir unable to walk dir `c:\\mywebsites\\run213\\dataconnect`: GetFileAttributesEx c:\\mywebsites\\run213\\dataconnect: The system cannot find the file specified.\n"}}
[debug] [2026-08-06T16:32:23.610Z] E0806 17:32:23.608397     960 watch.go:40] Failed to load config from "c:\\mywebsites\\run213\\dataconnect": could not find dataconnect.yaml in `c:\mywebsites\run213\dataconnect`
 {"metadata":{"emulator":{"name":"dataconnect"},"message":"E0806 17:32:23.608397     960 watch.go:40] Failed to load config from \"c:\\\\mywebsites\\\\run213\\\\dataconnect\": could not find dataconnect.yaml in `c:\\mywebsites\\run213\\dataconnect`\n"}}
[debug] [2026-08-06T16:32:33.610Z] E0806 17:32:33.609848     960 watch.go:40] Failed to load config from "c:\\mywebsites\\run213\\dataconnect": could not find dataconnect.yaml in `c:\mywebsites\run213\dataconnect`
 {"metadata":{"emulator":{"name":"dataconnect"},"message":"E0806 17:32:33.609848     960 watch.go:40] Failed to load config from \"c:\\\\mywebsites\\\\run213\\\\dataconnect\": could not find dataconnect.yaml in `c:\\mywebsites\\run213\\dataconnect`\n"}}
[debug] [2026-08-06T16:32:43.608Z] E0806 17:32:43.608275     960 watch.go:40] Failed to load config from "c:\\mywebsites\\run213\\dataconnect": could not find dataconnect.yaml in `c:\mywebsites\run213\dataconnect`
 {"metadata":{"emulator":{"name":"dataconnect"},"message":"E0806 17:32:43.608275     960 watch.go:40] Failed to load config from \"c:\\\\mywebsites\\\\run213\\\\dataconnect\": could not find dataconnect.yaml in `c:\\mywebsites\\run213\\dataconnect`\n"}}
[debug] [2026-08-06T16:32:53.609Z] E0806 17:32:53.609065     960 watch.go:40] Failed to load config from "c:\\mywebsites\\run213\\dataconnect": could not find dataconnect.yaml in `c:\mywebsites\run213\dataconnect`
 {"metadata":{"emulator":{"name":"dataconnect"},"message":"E0806 17:32:53.609065     960 watch.go:40] Failed to load config from \"c:\\\\mywebsites\\\\run213\\\\dataconnect\": could not find dataconnect.yaml in `c:\\mywebsites\\run213\\dataconnect`\n"}}
[debug] [2026-08-06T16:33:03.609Z] E0806 17:33:03.608517     960 watch.go:40] Failed to load config from "c:\\mywebsites\\run213\\dataconnect": could not find dataconnect.yaml in `c:\mywebsites\run213\dataconnect`
 {"metadata":{"emulator":{"name":"dataconnect"},"message":"E0806 17:33:03.608517     960 watch.go:40] Failed to load config from \"c:\\\\mywebsites\\\\run213\\\\dataconnect\": could not find dataconnect.yaml in `c:\\mywebsites\\run213\\dataconnect`\n"}}
[debug] [2026-08-06T16:33:13.609Z] E0806 17:33:13.609153     960 watch.go:40] Failed to load config from "c:\\mywebsites\\run213\\dataconnect": could not find dataconnect.yaml in `c:\mywebsites\run213\dataconnect`
 {"metadata":{"emulator":{"name":"dataconnect"},"message":"E0806 17:33:13.609153     960 watch.go:40] Failed to load config from \"c:\\\\mywebsites\\\\run213\\\\dataconnect\": could not find dataconnect.yaml in `c:\\mywebsites\\run213\\dataconnect`\n"}}
[debug] [2026-08-06T16:33:23.609Z] E0806 17:33:23.609343     960 watch.go:116] watchAllDir unable to walk dir `c:\mywebsites\run213\dataconnect`: GetFileAttributesEx c:\mywebsites\run213\dataconnect: The system cannot find the file specified.
 {"metadata":{"emulator":{"name":"dataconnect"},"message":"E0806 17:33:23.609343     960 watch.go:116] watchAllDir unable to walk dir `c:\\mywebsites\\run213\\dataconnect`: GetFileAttributesEx c:\\mywebsites\\run213\\dataconnect: The system cannot find the file specified.\n"}}
[debug] [2026-08-06T16:33:23.611Z] E0806 17:33:23.609855     960 watch.go:40] Failed to load config from "c:\\mywebsites\\run213\\dataconnect": could not find dataconnect.yaml in `c:\mywebsites\run213\dataconnect`
 {"metadata":{"emulator":{"name":"dataconnect"},"message":"E0806 17:33:23.609855     960 watch.go:40] Failed to load config from \"c:\\\\mywebsites\\\\run213\\\\dataconnect\": could not find dataconnect.yaml in `c:\\mywebsites\\run213\\dataconnect`\n"}}
[debug] [2026-08-06T16:33:33.626Z] E0806 17:33:33.625533     960 watch.go:40] Failed to load config from "c:\\mywebsites\\run213\\dataconnect": could not find dataconnect.yaml in `c:\mywebsites\run213\dataconnect`
 {"metadata":{"emulator":{"name":"dataconnect"},"message":"E0806 17:33:33.625533     960 watch.go:40] Failed to load config from \"c:\\\\mywebsites\\\\run213\\\\dataconnect\": could not find dataconnect.yaml in `c:\\mywebsites\\run213\\dataconnect`\n"}}
[debug] [2026-08-06T16:33:43.609Z] E0806 17:33:43.608137     960 watch.go:40] Failed to load config from "c:\\mywebsites\\run213\\dataconnect": could not find dataconnect.yaml in `c:\mywebsites\run213\dataconnect`
 {"metadata":{"emulator":{"name":"dataconnect"},"message":"E0806 17:33:43.608137     960 watch.go:40] Failed to load config from \"c:\\\\mywebsites\\\\run213\\\\dataconnect\": could not find dataconnect.yaml in `c:\\mywebsites\\run213\\dataconnect`\n"}}
[debug] [2026-08-06T16:33:53.608Z] E0806 17:33:53.608282     960 watch.go:40] Failed to load config from "c:\\mywebsites\\run213\\dataconnect": could not find dataconnect.yaml in `c:\mywebsites\run213\dataconnect`
 {"metadata":{"emulator":{"name":"dataconnect"},"message":"E0806 17:33:53.608282     960 watch.go:40] Failed to load config from \"c:\\\\mywebsites\\\\run213\\\\dataconnect\": could not find dataconnect.yaml in `c:\\mywebsites\\run213\\dataconnect`\n"}}
[debug] [2026-08-06T16:34:03.609Z] E0806 17:34:03.608546     960 watch.go:40] Failed to load config from "c:\\mywebsites\\run213\\dataconnect": could not find dataconnect.yaml in `c:\mywebsites\run213\dataconnect`
 {"metadata":{"emulator":{"name":"dataconnect"},"message":"E0806 17:34:03.608546     960 watch.go:40] Failed to load config from \"c:\\\\mywebsites\\\\run213\\\\dataconnect\": could not find dataconnect.yaml in `c:\\mywebsites\\run213\\dataconnect`\n"}}
[debug] [2026-08-06T16:34:13.609Z] E0806 17:34:13.609048     960 watch.go:40] Failed to load config from "c:\\mywebsites\\run213\\dataconnect": could not find dataconnect.yaml in `c:\mywebsites\run213\dataconnect`
 {"metadata":{"emulator":{"name":"dataconnect"},"message":"E0806 17:34:13.609048     960 watch.go:40] Failed to load config from \"c:\\\\mywebsites\\\\run213\\\\dataconnect\": could not find dataconnect.yaml in `c:\\mywebsites\\run213\\dataconnect`\n"}}
[debug] [2026-08-06T16:34:23.609Z] E0806 17:34:23.609089     960 watch.go:116] watchAllDir unable to walk dir `c:\mywebsites\run213\dataconnect`: GetFileAttributesEx c:\mywebsites\run213\dataconnect: The system cannot find the file specified.
 {"metadata":{"emulator":{"name":"dataconnect"},"message":"E0806 17:34:23.609089     960 watch.go:116] watchAllDir unable to walk dir `c:\\mywebsites\\run213\\dataconnect`: GetFileAttributesEx c:\\mywebsites\\run213\\dataconnect: The system cannot find the file specified.\n"}}
[debug] [2026-08-06T16:34:23.610Z] E0806 17:34:23.609627     960 watch.go:40] Failed to load config from "c:\\mywebsites\\run213\\dataconnect": could not find dataconnect.yaml in `c:\mywebsites\run213\dataconnect`
 {"metadata":{"emulator":{"name":"dataconnect"},"message":"E0806 17:34:23.609627     960 watch.go:40] Failed to load config from \"c:\\\\mywebsites\\\\run213\\\\dataconnect\": could not find dataconnect.yaml in `c:\\mywebsites\\run213\\dataconnect`\n"}}
[debug] [2026-08-06T16:34:33.609Z] E0806 17:34:33.608722     960 watch.go:40] Failed to load config from "c:\\mywebsites\\run213\\dataconnect": could not find dataconnect.yaml in `c:\mywebsites\run213\dataconnect`
 {"metadata":{"emulator":{"name":"dataconnect"},"message":"E0806 17:34:33.608722     960 watch.go:40] Failed to load config from \"c:\\\\mywebsites\\\\run213\\\\dataconnect\": could not find dataconnect.yaml in `c:\\mywebsites\\run213\\dataconnect`\n"}}
[debug] [2026-08-06T16:34:43.608Z] E0806 17:34:43.608478     960 watch.go:40] Failed to load config from "c:\\mywebsites\\run213\\dataconnect": could not find dataconnect.yaml in `c:\mywebsites\run213\dataconnect`
 {"metadata":{"emulator":{"name":"dataconnect"},"message":"E0806 17:34:43.608478     960 watch.go:40] Failed to load config from \"c:\\\\mywebsites\\\\run213\\\\dataconnect\": could not find dataconnect.yaml in `c:\\mywebsites\\run213\\dataconnect`\n"}}
[debug] [2026-08-06T16:34:53.609Z] E0806 17:34:53.608944     960 watch.go:40] Failed to load config from "c:\\mywebsites\\run213\\dataconnect": could not find dataconnect.yaml in `c:\mywebsites\run213\dataconnect`
 {"metadata":{"emulator":{"name":"dataconnect"},"message":"E0806 17:34:53.608944     960 watch.go:40] Failed to load config from \"c:\\\\mywebsites\\\\run213\\\\dataconnect\": could not find dataconnect.yaml in `c:\\mywebsites\\run213\\dataconnect`\n"}}
[debug] [2026-08-06T16:35:03.618Z] E0806 17:35:03.618380     960 watch.go:40] Failed to load config from "c:\\mywebsites\\run213\\dataconnect": could not find dataconnect.yaml in `c:\mywebsites\run213\dataconnect`
 {"metadata":{"emulator":{"name":"dataconnect"},"message":"E0806 17:35:03.618380     960 watch.go:40] Failed to load config from \"c:\\\\mywebsites\\\\run213\\\\dataconnect\": could not find dataconnect.yaml in `c:\\mywebsites\\run213\\dataconnect`\n"}}
[debug] [2026-08-06T16:35:13.609Z] E0806 17:35:13.609137     960 watch.go:40] Failed to load config from "c:\\mywebsites\\run213\\dataconnect": could not find dataconnect.yaml in `c:\mywebsites\run213\dataconnect`
 {"metadata":{"emulator":{"name":"dataconnect"},"message":"E0806 17:35:13.609137     960 watch.go:40] Failed to load config from \"c:\\\\mywebsites\\\\run213\\\\dataconnect\": could not find dataconnect.yaml in `c:\\mywebsites\\run213\\dataconnect`\n"}}
[debug] [2026-08-06T16:35:23.608Z] E0806 17:35:23.608215     960 watch.go:116] watchAllDir unable to walk dir `c:\mywebsites\run213\dataconnect`: GetFileAttributesEx c:\mywebsites\run213\dataconnect: The system cannot find the file specified.
 {"metadata":{"emulator":{"name":"dataconnect"},"message":"E0806 17:35:23.608215     960 watch.go:116] watchAllDir unable to walk dir `c:\\mywebsites\\run213\\dataconnect`: GetFileAttributesEx c:\\mywebsites\\run213\\dataconnect: The system cannot find the file specified.\n"}}
[debug] [2026-08-06T16:35:23.610Z] E0806 17:35:23.608792     960 watch.go:40] Failed to load config from "c:\\mywebsites\\run213\\dataconnect": could not find dataconnect.yaml in `c:\mywebsites\run213\dataconnect`
 {"metadata":{"emulator":{"name":"dataconnect"},"message":"E0806 17:35:23.608792     960 watch.go:40] Failed to load config from \"c:\\\\mywebsites\\\\run213\\\\dataconnect\": could not find dataconnect.yaml in `c:\\mywebsites\\run213\\dataconnect`\n"}}
[debug] [2026-08-06T16:35:33.609Z] E0806 17:35:33.609375     960 watch.go:40] Failed to load config from "c:\\mywebsites\\run213\\dataconnect": could not find dataconnect.yaml in `c:\mywebsites\run213\dataconnect`
 {"metadata":{"emulator":{"name":"dataconnect"},"message":"E0806 17:35:33.609375     960 watch.go:40] Failed to load config from \"c:\\\\mywebsites\\\\run213\\\\dataconnect\": could not find dataconnect.yaml in `c:\\mywebsites\\run213\\dataconnect`\n"}}
[debug] [2026-08-06T16:35:43.609Z] E0806 17:35:43.608374     960 watch.go:40] Failed to load config from "c:\\mywebsites\\run213\\dataconnect": could not find dataconnect.yaml in `c:\mywebsites\run213\dataconnect`
 {"metadata":{"emulator":{"name":"dataconnect"},"message":"E0806 17:35:43.608374     960 watch.go:40] Failed to load config from \"c:\\\\mywebsites\\\\run213\\\\dataconnect\": could not find dataconnect.yaml in `c:\\mywebsites\\run213\\dataconnect`\n"}}
[debug] [2026-08-06T16:35:53.609Z] E0806 17:35:53.609118     960 watch.go:40] Failed to load config from "c:\\mywebsites\\run213\\dataconnect": could not find dataconnect.yaml in `c:\mywebsites\run213\dataconnect`
 {"metadata":{"emulator":{"name":"dataconnect"},"message":"E0806 17:35:53.609118     960 watch.go:40] Failed to load config from \"c:\\\\mywebsites\\\\run213\\\\dataconnect\": could not find dataconnect.yaml in `c:\\mywebsites\\run213\\dataconnect`\n"}}
[debug] [2026-08-06T16:36:03.609Z] E0806 17:36:03.608968     960 watch.go:40] Failed to load config from "c:\\mywebsites\\run213\\dataconnect": could not find dataconnect.yaml in `c:\mywebsites\run213\dataconnect`
 {"metadata":{"emulator":{"name":"dataconnect"},"message":"E0806 17:36:03.608968     960 watch.go:40] Failed to load config from \"c:\\\\mywebsites\\\\run213\\\\dataconnect\": could not find dataconnect.yaml in `c:\\mywebsites\\run213\\dataconnect`\n"}}
[debug] [2026-08-06T16:36:13.609Z] E0806 17:36:13.608783     960 watch.go:40] Failed to load config from "c:\\mywebsites\\run213\\dataconnect": could not find dataconnect.yaml in `c:\mywebsites\run213\dataconnect`
 {"metadata":{"emulator":{"name":"dataconnect"},"message":"E0806 17:36:13.608783     960 watch.go:40] Failed to load config from \"c:\\\\mywebsites\\\\run213\\\\dataconnect\": could not find dataconnect.yaml in `c:\\mywebsites\\run213\\dataconnect`\n"}}
[debug] [2026-08-06T16:36:23.609Z] E0806 17:36:23.608786     960 watch.go:116] watchAllDir unable to walk dir `c:\mywebsites\run213\dataconnect`: GetFileAttributesEx c:\mywebsites\run213\dataconnect: The system cannot find the file specified.
 {"metadata":{"emulator":{"name":"dataconnect"},"message":"E0806 17:36:23.608786     960 watch.go:116] watchAllDir unable to walk dir `c:\\mywebsites\\run213\\dataconnect`: GetFileAttributesEx c:\\mywebsites\\run213\\dataconnect: The system cannot find the file specified.\n"}}
[debug] [2026-08-06T16:36:23.610Z] E0806 17:36:23.608786     960 watch.go:40] Failed to load config from "c:\\mywebsites\\run213\\dataconnect": could not find dataconnect.yaml in `c:\mywebsites\run213\dataconnect`
 {"metadata":{"emulator":{"name":"dataconnect"},"message":"E0806 17:36:23.608786     960 watch.go:40] Failed to load config from \"c:\\\\mywebsites\\\\run213\\\\dataconnect\": could not find dataconnect.yaml in `c:\\mywebsites\\run213\\dataconnect`\n"}}
[debug] [2026-08-06T16:36:33.609Z] E0806 17:36:33.608933     960 watch.go:40] Failed to load config from "c:\\mywebsites\\run213\\dataconnect": could not find dataconnect.yaml in `c:\mywebsites\run213\dataconnect`
 {"metadata":{"emulator":{"name":"dataconnect"},"message":"E0806 17:36:33.608933     960 watch.go:40] Failed to load config from \"c:\\\\mywebsites\\\\run213\\\\dataconnect\": could not find dataconnect.yaml in `c:\\mywebsites\\run213\\dataconnect`\n"}}
[debug] [2026-08-06T16:36:43.609Z] E0806 17:36:43.609300     960 watch.go:40] Failed to load config from "c:\\mywebsites\\run213\\dataconnect": could not find dataconnect.yaml in `c:\mywebsites\run213\dataconnect`
 {"metadata":{"emulator":{"name":"dataconnect"},"message":"E0806 17:36:43.609300     960 watch.go:40] Failed to load config from \"c:\\\\mywebsites\\\\run213\\\\dataconnect\": could not find dataconnect.yaml in `c:\\mywebsites\\run213\\dataconnect`\n"}}
[debug] [2026-08-06T16:36:53.619Z] E0806 17:36:53.619413     960 watch.go:40] Failed to load config from "c:\\mywebsites\\run213\\dataconnect": could not find dataconnect.yaml in `c:\mywebsites\run213\dataconnect`
 {"metadata":{"emulator":{"name":"dataconnect"},"message":"E0806 17:36:53.619413     960 watch.go:40] Failed to load config from \"c:\\\\mywebsites\\\\run213\\\\dataconnect\": could not find dataconnect.yaml in `c:\\mywebsites\\run213\\dataconnect`\n"}}
[debug] [2026-08-06T16:37:03.696Z] E0806 17:37:03.695634     960 watch.go:40] Failed to load config from "c:\\mywebsites\\run213\\dataconnect": could not find dataconnect.yaml in `c:\mywebsites\run213\dataconnect`
 {"metadata":{"emulator":{"name":"dataconnect"},"message":"E0806 17:37:03.695634     960 watch.go:40] Failed to load config from \"c:\\\\mywebsites\\\\run213\\\\dataconnect\": could not find dataconnect.yaml in `c:\\mywebsites\\run213\\dataconnect`\n"}}
[debug] [2026-08-06T16:37:13.664Z] E0806 17:37:13.663256     960 watch.go:40] Failed to load config from "c:\\mywebsites\\run213\\dataconnect": could not find dataconnect.yaml in `c:\mywebsites\run213\dataconnect`
 {"metadata":{"emulator":{"name":"dataconnect"},"message":"E0806 17:37:13.663256     960 watch.go:40] Failed to load config from \"c:\\\\mywebsites\\\\run213\\\\dataconnect\": could not find dataconnect.yaml in `c:\\mywebsites\\run213\\dataconnect`\n"}}
[debug] [2026-08-06T16:37:23.774Z] E0806 17:37:23.739003     960 watch.go:116] watchAllDir unable to walk dir `c:\mywebsites\run213\dataconnect`: GetFileAttributesEx c:\mywebsites\run213\dataconnect: The system cannot find the file specified.
E0806 17:37:23.740003     960 watch.go:40] Failed to load config from "c:\\mywebsites\\run213\\dataconnect": could not find dataconnect.yaml in `c:\mywebsites\run213\dataconnect`
 {"metadata":{"emulator":{"name":"dataconnect"},"message":"E0806 17:37:23.739003     960 watch.go:116] watchAllDir unable to walk dir `c:\\mywebsites\\run213\\dataconnect`: GetFileAttributesEx c:\\mywebsites\\run213\\dataconnect: The system cannot find the file specified.\nE0806 17:37:23.740003     960 watch.go:40] Failed to load config from \"c:\\\\mywebsites\\\\run213\\\\dataconnect\": could not find dataconnect.yaml in `c:\\mywebsites\\run213\\dataconnect`\n"}}
[debug] [2026-08-06T16:37:33.647Z] E0806 17:37:33.649551     960 watch.go:40] Failed to load config from "c:\\mywebsites\\run213\\dataconnect": could not find dataconnect.yaml in `c:\mywebsites\run213\dataconnect`
 {"metadata":{"emulator":{"name":"dataconnect"},"message":"E0806 17:37:33.649551     960 watch.go:40] Failed to load config from \"c:\\\\mywebsites\\\\run213\\\\dataconnect\": could not find dataconnect.yaml in `c:\\mywebsites\\run213\\dataconnect`\n"}}
[debug] [2026-08-06T16:37:43.630Z] E0806 17:37:43.633022     960 watch.go:40] Failed to load config from "c:\\mywebsites\\run213\\dataconnect": could not find dataconnect.yaml in `c:\mywebsites\run213\dataconnect`
 {"metadata":{"emulator":{"name":"dataconnect"},"message":"E0806 17:37:43.633022     960 watch.go:40] Failed to load config from \"c:\\\\mywebsites\\\\run213\\\\dataconnect\": could not find dataconnect.yaml in `c:\\mywebsites\\run213\\dataconnect`\n"}}
[debug] [2026-08-06T16:37:53.647Z] E0806 17:37:53.649727     960 watch.go:40] Failed to load config from "c:\\mywebsites\\run213\\dataconnect": could not find dataconnect.yaml in `c:\mywebsites\run213\dataconnect`
 {"metadata":{"emulator":{"name":"dataconnect"},"message":"E0806 17:37:53.649727     960 watch.go:40] Failed to load config from \"c:\\\\mywebsites\\\\run213\\\\dataconnect\": could not find dataconnect.yaml in `c:\\mywebsites\\run213\\dataconnect`\n"}}
[debug] [2026-08-06T16:38:03.621Z] E0806 17:38:03.623750     960 watch.go:40] Failed to load config from "c:\\mywebsites\\run213\\dataconnect": could not find dataconnect.yaml in `c:\mywebsites\run213\dataconnect`
 {"metadata":{"emulator":{"name":"dataconnect"},"message":"E0806 17:38:03.623750     960 watch.go:40] Failed to load config from \"c:\\\\mywebsites\\\\run213\\\\dataconnect\": could not find dataconnect.yaml in `c:\\mywebsites\\run213\\dataconnect`\n"}}
[debug] [2026-08-06T16:38:13.629Z] E0806 17:38:13.631943     960 watch.go:40] Failed to load config from "c:\\mywebsites\\run213\\dataconnect": could not find dataconnect.yaml in `c:\mywebsites\run213\dataconnect`
 {"metadata":{"emulator":{"name":"dataconnect"},"message":"E0806 17:38:13.631943     960 watch.go:40] Failed to load config from \"c:\\\\mywebsites\\\\run213\\\\dataconnect\": could not find dataconnect.yaml in `c:\\mywebsites\\run213\\dataconnect`\n"}}
[debug] [2026-08-06T16:38:23.613Z] E0806 17:38:23.613528     960 watch.go:116] watchAllDir unable to walk dir `c:\mywebsites\run213\dataconnect`: GetFileAttributesEx c:\mywebsites\run213\dataconnect: The system cannot find the file specified.
 {"metadata":{"emulator":{"name":"dataconnect"},"message":"E0806 17:38:23.613528     960 watch.go:116] watchAllDir unable to walk dir `c:\\mywebsites\\run213\\dataconnect`: GetFileAttributesEx c:\\mywebsites\\run213\\dataconnect: The system cannot find the file specified.\n"}}
[debug] [2026-08-06T16:38:23.614Z] E0806 17:38:23.613528     960 watch.go:40] Failed to load config from "c:\\mywebsites\\run213\\dataconnect": could not find dataconnect.yaml in `c:\mywebsites\run213\dataconnect`
 {"metadata":{"emulator":{"name":"dataconnect"},"message":"E0806 17:38:23.613528     960 watch.go:40] Failed to load config from \"c:\\\\mywebsites\\\\run213\\\\dataconnect\": could not find dataconnect.yaml in `c:\\mywebsites\\run213\\dataconnect`\n"}}
[debug] [2026-08-06T16:38:33.610Z] E0806 17:38:33.610154     960 watch.go:40] Failed to load config from "c:\\mywebsites\\run213\\dataconnect": could not find dataconnect.yaml in `c:\mywebsites\run213\dataconnect`
 {"metadata":{"emulator":{"name":"dataconnect"},"message":"E0806 17:38:33.610154     960 watch.go:40] Failed to load config from \"c:\\\\mywebsites\\\\run213\\\\dataconnect\": could not find dataconnect.yaml in `c:\\mywebsites\\run213\\dataconnect`\n"}}
[debug] [2026-08-06T16:38:43.628Z] E0806 17:38:43.628180     960 watch.go:40] Failed to load config from "c:\\mywebsites\\run213\\dataconnect": could not find dataconnect.yaml in `c:\mywebsites\run213\dataconnect`
 {"metadata":{"emulator":{"name":"dataconnect"},"message":"E0806 17:38:43.628180     960 watch.go:40] Failed to load config from \"c:\\\\mywebsites\\\\run213\\\\dataconnect\": could not find dataconnect.yaml in `c:\\mywebsites\\run213\\dataconnect`\n"}}
[debug] [2026-08-06T16:38:53.625Z] E0806 17:38:53.625110     960 watch.go:40] Failed to load config from "c:\\mywebsites\\run213\\dataconnect": could not find dataconnect.yaml in `c:\mywebsites\run213\dataconnect`
 {"metadata":{"emulator":{"name":"dataconnect"},"message":"E0806 17:38:53.625110     960 watch.go:40] Failed to load config from \"c:\\\\mywebsites\\\\run213\\\\dataconnect\": could not find dataconnect.yaml in `c:\\mywebsites\\run213\\dataconnect`\n"}}
[debug] [2026-08-06T16:39:03.609Z] E0806 17:39:03.609303     960 watch.go:40] Failed to load config from "c:\\mywebsites\\run213\\dataconnect": could not find dataconnect.yaml in `c:\mywebsites\run213\dataconnect`
 {"metadata":{"emulator":{"name":"dataconnect"},"message":"E0806 17:39:03.609303     960 watch.go:40] Failed to load config from \"c:\\\\mywebsites\\\\run213\\\\dataconnect\": could not find dataconnect.yaml in `c:\\mywebsites\\run213\\dataconnect`\n"}}
[debug] [2026-08-06T16:39:13.655Z] E0806 17:39:13.653667     960 watch.go:40] Failed to load config from "c:\\mywebsites\\run213\\dataconnect": could not find dataconnect.yaml in `c:\mywebsites\run213\dataconnect`
 {"metadata":{"emulator":{"name":"dataconnect"},"message":"E0806 17:39:13.653667     960 watch.go:40] Failed to load config from \"c:\\\\mywebsites\\\\run213\\\\dataconnect\": could not find dataconnect.yaml in `c:\\mywebsites\\run213\\dataconnect`\n"}}
[debug] [2026-08-06T16:39:23.657Z] E0806 17:39:23.658379     960 watch.go:116] watchAllDir unable to walk dir `c:\mywebsites\run213\dataconnect`: GetFileAttributesEx c:\mywebsites\run213\dataconnect: The system cannot find the file specified.
 {"metadata":{"emulator":{"name":"dataconnect"},"message":"E0806 17:39:23.658379     960 watch.go:116] watchAllDir unable to walk dir `c:\\mywebsites\\run213\\dataconnect`: GetFileAttributesEx c:\\mywebsites\\run213\\dataconnect: The system cannot find the file specified.\n"}}
[debug] [2026-08-06T16:39:23.659Z] E0806 17:39:23.658379     960 watch.go:40] Failed to load config from "c:\\mywebsites\\run213\\dataconnect": could not find dataconnect.yaml in `c:\mywebsites\run213\dataconnect`
 {"metadata":{"emulator":{"name":"dataconnect"},"message":"E0806 17:39:23.658379     960 watch.go:40] Failed to load config from \"c:\\\\mywebsites\\\\run213\\\\dataconnect\": could not find dataconnect.yaml in `c:\\mywebsites\\run213\\dataconnect`\n"}}
[debug] [2026-08-06T16:39:33.694Z] E0806 17:39:33.694371     960 watch.go:40] Failed to load config from "c:\\mywebsites\\run213\\dataconnect": could not find dataconnect.yaml in `c:\mywebsites\run213\dataconnect`
 {"metadata":{"emulator":{"name":"dataconnect"},"message":"E0806 17:39:33.694371     960 watch.go:40] Failed to load config from \"c:\\\\mywebsites\\\\run213\\\\dataconnect\": could not find dataconnect.yaml in `c:\\mywebsites\\run213\\dataconnect`\n"}}
[debug] [2026-08-06T16:39:43.625Z] E0806 17:39:43.625658     960 watch.go:40] Failed to load config from "c:\\mywebsites\\run213\\dataconnect": could not find dataconnect.yaml in `c:\mywebsites\run213\dataconnect`
 {"metadata":{"emulator":{"name":"dataconnect"},"message":"E0806 17:39:43.625658     960 watch.go:40] Failed to load config from \"c:\\\\mywebsites\\\\run213\\\\dataconnect\": could not find dataconnect.yaml in `c:\\mywebsites\\run213\\dataconnect`\n"}}
[debug] [2026-08-06T16:39:53.611Z] E0806 17:39:53.611880     960 watch.go:40] Failed to load config from "c:\\mywebsites\\run213\\dataconnect": could not find dataconnect.yaml in `c:\mywebsites\run213\dataconnect`
 {"metadata":{"emulator":{"name":"dataconnect"},"message":"E0806 17:39:53.611880     960 watch.go:40] Failed to load config from \"c:\\\\mywebsites\\\\run213\\\\dataconnect\": could not find dataconnect.yaml in `c:\\mywebsites\\run213\\dataconnect`\n"}}
[debug] [2026-08-06T16:40:03.608Z] E0806 17:40:03.608962     960 watch.go:40] Failed to load config from "c:\\mywebsites\\run213\\dataconnect": could not find dataconnect.yaml in `c:\mywebsites\run213\dataconnect`
 {"metadata":{"emulator":{"name":"dataconnect"},"message":"E0806 17:40:03.608962     960 watch.go:40] Failed to load config from \"c:\\\\mywebsites\\\\run213\\\\dataconnect\": could not find dataconnect.yaml in `c:\\mywebsites\\run213\\dataconnect`\n"}}
[debug] [2026-08-06T16:40:13.608Z] E0806 17:40:13.608246     960 watch.go:40] Failed to load config from "c:\\mywebsites\\run213\\dataconnect": could not find dataconnect.yaml in `c:\mywebsites\run213\dataconnect`
 {"metadata":{"emulator":{"name":"dataconnect"},"message":"E0806 17:40:13.608246     960 watch.go:40] Failed to load config from \"c:\\\\mywebsites\\\\run213\\\\dataconnect\": could not find dataconnect.yaml in `c:\\mywebsites\\run213\\dataconnect`\n"}}
[debug] [2026-08-06T16:40:23.609Z] E0806 17:40:23.608870     960 watch.go:116] watchAllDir unable to walk dir `c:\mywebsites\run213\dataconnect`: GetFileAttributesEx c:\mywebsites\run213\dataconnect: The system cannot find the file specified.
 {"metadata":{"emulator":{"name":"dataconnect"},"message":"E0806 17:40:23.608870     960 watch.go:116] watchAllDir unable to walk dir `c:\\mywebsites\\run213\\dataconnect`: GetFileAttributesEx c:\\mywebsites\\run213\\dataconnect: The system cannot find the file specified.\n"}}
[debug] [2026-08-06T16:40:23.612Z] E0806 17:40:23.609041     960 watch.go:40] Failed to load config from "c:\\mywebsites\\run213\\dataconnect": could not find dataconnect.yaml in `c:\mywebsites\run213\dataconnect`
 {"metadata":{"emulator":{"name":"dataconnect"},"message":"E0806 17:40:23.609041     960 watch.go:40] Failed to load config from \"c:\\\\mywebsites\\\\run213\\\\dataconnect\": could not find dataconnect.yaml in `c:\\mywebsites\\run213\\dataconnect`\n"}}
[debug] [2026-08-06T16:40:33.610Z] E0806 17:40:33.610260     960 watch.go:40] Failed to load config from "c:\\mywebsites\\run213\\dataconnect": could not find dataconnect.yaml in `c:\mywebsites\run213\dataconnect`
 {"metadata":{"emulator":{"name":"dataconnect"},"message":"E0806 17:40:33.610260     960 watch.go:40] Failed to load config from \"c:\\\\mywebsites\\\\run213\\\\dataconnect\": could not find dataconnect.yaml in `c:\\mywebsites\\run213\\dataconnect`\n"}}
[debug] [2026-08-06T16:40:43.610Z] E0806 17:40:43.610299     960 watch.go:40] Failed to load config from "c:\\mywebsites\\run213\\dataconnect": could not find dataconnect.yaml in `c:\mywebsites\run213\dataconnect`
 {"metadata":{"emulator":{"name":"dataconnect"},"message":"E0806 17:40:43.610299     960 watch.go:40] Failed to load config from \"c:\\\\mywebsites\\\\run213\\\\dataconnect\": could not find dataconnect.yaml in `c:\\mywebsites\\run213\\dataconnect`\n"}}
[debug] [2026-08-06T16:40:53.617Z] E0806 17:40:53.617052     960 watch.go:40] Failed to load config from "c:\\mywebsites\\run213\\dataconnect": could not find dataconnect.yaml in `c:\mywebsites\run213\dataconnect`
 {"metadata":{"emulator":{"name":"dataconnect"},"message":"E0806 17:40:53.617052     960 watch.go:40] Failed to load config from \"c:\\\\mywebsites\\\\run213\\\\dataconnect\": could not find dataconnect.yaml in `c:\\mywebsites\\run213\\dataconnect`\n"}}
[debug] [2026-08-06T16:41:03.612Z] E0806 17:41:03.611799     960 watch.go:40] Failed to load config from "c:\\mywebsites\\run213\\dataconnect": could not find dataconnect.yaml in `c:\mywebsites\run213\dataconnect`
 {"metadata":{"emulator":{"name":"dataconnect"},"message":"E0806 17:41:03.611799     960 watch.go:40] Failed to load config from \"c:\\\\mywebsites\\\\run213\\\\dataconnect\": could not find dataconnect.yaml in `c:\\mywebsites\\run213\\dataconnect`\n"}}
[debug] [2026-08-06T16:41:13.609Z] E0806 17:41:13.609274     960 watch.go:40] Failed to load config from "c:\\mywebsites\\run213\\dataconnect": could not find dataconnect.yaml in `c:\mywebsites\run213\dataconnect`
 {"metadata":{"emulator":{"name":"dataconnect"},"message":"E0806 17:41:13.609274     960 watch.go:40] Failed to load config from \"c:\\\\mywebsites\\\\run213\\\\dataconnect\": could not find dataconnect.yaml in `c:\\mywebsites\\run213\\dataconnect`\n"}}
[debug] [2026-08-06T16:41:23.609Z] E0806 17:41:23.608669     960 watch.go:116] watchAllDir unable to walk dir `c:\mywebsites\run213\dataconnect`: GetFileAttributesEx c:\mywebsites\run213\dataconnect: The system cannot find the file specified.
 {"metadata":{"emulator":{"name":"dataconnect"},"message":"E0806 17:41:23.608669     960 watch.go:116] watchAllDir unable to walk dir `c:\\mywebsites\\run213\\dataconnect`: GetFileAttributesEx c:\\mywebsites\\run213\\dataconnect: The system cannot find the file specified.\n"}}
[debug] [2026-08-06T16:41:23.616Z] E0806 17:41:23.610437     960 watch.go:40] Failed to load config from "c:\\mywebsites\\run213\\dataconnect": could not find dataconnect.yaml in `c:\mywebsites\run213\dataconnect`
 {"metadata":{"emulator":{"name":"dataconnect"},"message":"E0806 17:41:23.610437     960 watch.go:40] Failed to load config from \"c:\\\\mywebsites\\\\run213\\\\dataconnect\": could not find dataconnect.yaml in `c:\\mywebsites\\run213\\dataconnect`\n"}}
[debug] [2026-08-06T16:41:33.612Z] E0806 17:41:33.612025     960 watch.go:40] Failed to load config from "c:\\mywebsites\\run213\\dataconnect": could not find dataconnect.yaml in `c:\mywebsites\run213\dataconnect`
 {"metadata":{"emulator":{"name":"dataconnect"},"message":"E0806 17:41:33.612025     960 watch.go:40] Failed to load config from \"c:\\\\mywebsites\\\\run213\\\\dataconnect\": could not find dataconnect.yaml in `c:\\mywebsites\\run213\\dataconnect`\n"}}
[debug] [2026-08-06T16:41:43.624Z] E0806 17:41:43.623930     960 watch.go:40] Failed to load config from "c:\\mywebsites\\run213\\dataconnect": could not find dataconnect.yaml in `c:\mywebsites\run213\dataconnect`
 {"metadata":{"emulator":{"name":"dataconnect"},"message":"E0806 17:41:43.623930     960 watch.go:40] Failed to load config from \"c:\\\\mywebsites\\\\run213\\\\dataconnect\": could not find dataconnect.yaml in `c:\\mywebsites\\run213\\dataconnect`\n"}}
[debug] [2026-08-06T16:41:53.608Z] E0806 17:41:53.609271     960 watch.go:40] Failed to load config from "c:\\mywebsites\\run213\\dataconnect": could not find dataconnect.yaml in `c:\mywebsites\run213\dataconnect`
 {"metadata":{"emulator":{"name":"dataconnect"},"message":"E0806 17:41:53.609271     960 watch.go:40] Failed to load config from \"c:\\\\mywebsites\\\\run213\\\\dataconnect\": could not find dataconnect.yaml in `c:\\mywebsites\\run213\\dataconnect`\n"}}
[debug] [2026-08-06T16:42:03.609Z] E0806 17:42:03.609337     960 watch.go:40] Failed to load config from "c:\\mywebsites\\run213\\dataconnect": could not find dataconnect.yaml in `c:\mywebsites\run213\dataconnect`
 {"metadata":{"emulator":{"name":"dataconnect"},"message":"E0806 17:42:03.609337     960 watch.go:40] Failed to load config from \"c:\\\\mywebsites\\\\run213\\\\dataconnect\": could not find dataconnect.yaml in `c:\\mywebsites\\run213\\dataconnect`\n"}}
[debug] [2026-08-06T16:42:13.610Z] E0806 17:42:13.609494     960 watch.go:40] Failed to load config from "c:\\mywebsites\\run213\\dataconnect": could not find dataconnect.yaml in `c:\mywebsites\run213\dataconnect`
 {"metadata":{"emulator":{"name":"dataconnect"},"message":"E0806 17:42:13.609494     960 watch.go:40] Failed to load config from \"c:\\\\mywebsites\\\\run213\\\\dataconnect\": could not find dataconnect.yaml in `c:\\mywebsites\\run213\\dataconnect`\n"}}
[debug] [2026-08-06T16:42:23.609Z] E0806 17:42:23.608381     960 watch.go:116] watchAllDir unable to walk dir `c:\mywebsites\run213\dataconnect`: GetFileAttributesEx c:\mywebsites\run213\dataconnect: The system cannot find the file specified.
 {"metadata":{"emulator":{"name":"dataconnect"},"message":"E0806 17:42:23.608381     960 watch.go:116] watchAllDir unable to walk dir `c:\\mywebsites\\run213\\dataconnect`: GetFileAttributesEx c:\\mywebsites\\run213\\dataconnect: The system cannot find the file specified.\n"}}
[debug] [2026-08-06T16:42:23.611Z] E0806 17:42:23.609254     960 watch.go:40] Failed to load config from "c:\\mywebsites\\run213\\dataconnect": could not find dataconnect.yaml in `c:\mywebsites\run213\dataconnect`
 {"metadata":{"emulator":{"name":"dataconnect"},"message":"E0806 17:42:23.609254     960 watch.go:40] Failed to load config from \"c:\\\\mywebsites\\\\run213\\\\dataconnect\": could not find dataconnect.yaml in `c:\\mywebsites\\run213\\dataconnect`\n"}}
[debug] [2026-08-06T16:42:33.608Z] E0806 17:42:33.608989     960 watch.go:40] Failed to load config from "c:\\mywebsites\\run213\\dataconnect": could not find dataconnect.yaml in `c:\mywebsites\run213\dataconnect`
 {"metadata":{"emulator":{"name":"dataconnect"},"message":"E0806 17:42:33.608989     960 watch.go:40] Failed to load config from \"c:\\\\mywebsites\\\\run213\\\\dataconnect\": could not find dataconnect.yaml in `c:\\mywebsites\\run213\\dataconnect`\n"}}
[debug] [2026-08-06T16:42:43.621Z] E0806 17:42:43.620648     960 watch.go:40] Failed to load config from "c:\\mywebsites\\run213\\dataconnect": could not find dataconnect.yaml in `c:\mywebsites\run213\dataconnect`
 {"metadata":{"emulator":{"name":"dataconnect"},"message":"E0806 17:42:43.620648     960 watch.go:40] Failed to load config from \"c:\\\\mywebsites\\\\run213\\\\dataconnect\": could not find dataconnect.yaml in `c:\\mywebsites\\run213\\dataconnect`\n"}}
[debug] [2026-08-06T16:42:53.610Z] E0806 17:42:53.610062     960 watch.go:40] Failed to load config from "c:\\mywebsites\\run213\\dataconnect": could not find dataconnect.yaml in `c:\mywebsites\run213\dataconnect`
 {"metadata":{"emulator":{"name":"dataconnect"},"message":"E0806 17:42:53.610062     960 watch.go:40] Failed to load config from \"c:\\\\mywebsites\\\\run213\\\\dataconnect\": could not find dataconnect.yaml in `c:\\mywebsites\\run213\\dataconnect`\n"}}
[debug] [2026-08-06T16:43:03.608Z] E0806 17:43:03.608798     960 watch.go:40] Failed to load config from "c:\\mywebsites\\run213\\dataconnect": could not find dataconnect.yaml in `c:\mywebsites\run213\dataconnect`
 {"metadata":{"emulator":{"name":"dataconnect"},"message":"E0806 17:43:03.608798     960 watch.go:40] Failed to load config from \"c:\\\\mywebsites\\\\run213\\\\dataconnect\": could not find dataconnect.yaml in `c:\\mywebsites\\run213\\dataconnect`\n"}}
[debug] [2026-08-06T16:43:13.610Z] E0806 17:43:13.610545     960 watch.go:40] Failed to load config from "c:\\mywebsites\\run213\\dataconnect": could not find dataconnect.yaml in `c:\mywebsites\run213\dataconnect`
 {"metadata":{"emulator":{"name":"dataconnect"},"message":"E0806 17:43:13.610545     960 watch.go:40] Failed to load config from \"c:\\\\mywebsites\\\\run213\\\\dataconnect\": could not find dataconnect.yaml in `c:\\mywebsites\\run213\\dataconnect`\n"}}
[debug] [2026-08-06T16:43:23.609Z] E0806 17:43:23.609029     960 watch.go:116] watchAllDir unable to walk dir `c:\mywebsites\run213\dataconnect`: GetFileAttributesEx c:\mywebsites\run213\dataconnect: The system cannot find the file specified.
 {"metadata":{"emulator":{"name":"dataconnect"},"message":"E0806 17:43:23.609029     960 watch.go:116] watchAllDir unable to walk dir `c:\\mywebsites\\run213\\dataconnect`: GetFileAttributesEx c:\\mywebsites\\run213\\dataconnect: The system cannot find the file specified.\n"}}
[debug] [2026-08-06T16:43:23.611Z] E0806 17:43:23.609645     960 watch.go:40] Failed to load config from "c:\\mywebsites\\run213\\dataconnect": could not find dataconnect.yaml in `c:\mywebsites\run213\dataconnect`
 {"metadata":{"emulator":{"name":"dataconnect"},"message":"E0806 17:43:23.609645     960 watch.go:40] Failed to load config from \"c:\\\\mywebsites\\\\run213\\\\dataconnect\": could not find dataconnect.yaml in `c:\\mywebsites\\run213\\dataconnect`\n"}}
[debug] [2026-08-06T16:43:33.609Z] E0806 17:43:33.609093     960 watch.go:40] Failed to load config from "c:\\mywebsites\\run213\\dataconnect": could not find dataconnect.yaml in `c:\mywebsites\run213\dataconnect`
 {"metadata":{"emulator":{"name":"dataconnect"},"message":"E0806 17:43:33.609093     960 watch.go:40] Failed to load config from \"c:\\\\mywebsites\\\\run213\\\\dataconnect\": could not find dataconnect.yaml in `c:\\mywebsites\\run213\\dataconnect`\n"}}
[debug] [2026-08-06T16:43:43.609Z] E0806 17:43:43.609190     960 watch.go:40] Failed to load config from "c:\\mywebsites\\run213\\dataconnect": could not find dataconnect.yaml in `c:\mywebsites\run213\dataconnect`
 {"metadata":{"emulator":{"name":"dataconnect"},"message":"E0806 17:43:43.609190     960 watch.go:40] Failed to load config from \"c:\\\\mywebsites\\\\run213\\\\dataconnect\": could not find dataconnect.yaml in `c:\\mywebsites\\run213\\dataconnect`\n"}}
[debug] [2026-08-06T16:43:53.609Z] E0806 17:43:53.609446     960 watch.go:40] Failed to load config from "c:\\mywebsites\\run213\\dataconnect": could not find dataconnect.yaml in `c:\mywebsites\run213\dataconnect`
 {"metadata":{"emulator":{"name":"dataconnect"},"message":"E0806 17:43:53.609446     960 watch.go:40] Failed to load config from \"c:\\\\mywebsites\\\\run213\\\\dataconnect\": could not find dataconnect.yaml in `c:\\mywebsites\\run213\\dataconnect`\n"}}
[debug] [2026-08-06T16:44:03.611Z] E0806 17:44:03.610438     960 watch.go:40] Failed to load config from "c:\\mywebsites\\run213\\dataconnect": could not find dataconnect.yaml in `c:\mywebsites\run213\dataconnect`
 {"metadata":{"emulator":{"name":"dataconnect"},"message":"E0806 17:44:03.610438     960 watch.go:40] Failed to load config from \"c:\\\\mywebsites\\\\run213\\\\dataconnect\": could not find dataconnect.yaml in `c:\\mywebsites\\run213\\dataconnect`\n"}}
[debug] [2026-08-06T16:44:13.608Z] E0806 17:44:13.608310     960 watch.go:40] Failed to load config from "c:\\mywebsites\\run213\\dataconnect": could not find dataconnect.yaml in `c:\mywebsites\run213\dataconnect`
 {"metadata":{"emulator":{"name":"dataconnect"},"message":"E0806 17:44:13.608310     960 watch.go:40] Failed to load config from \"c:\\\\mywebsites\\\\run213\\\\dataconnect\": could not find dataconnect.yaml in `c:\\mywebsites\\run213\\dataconnect`\n"}}
[debug] [2026-08-06T16:44:23.608Z] E0806 17:44:23.608337     960 watch.go:116] watchAllDir unable to walk dir `c:\mywebsites\run213\dataconnect`: GetFileAttributesEx c:\mywebsites\run213\dataconnect: The system cannot find the file specified.
 {"metadata":{"emulator":{"name":"dataconnect"},"message":"E0806 17:44:23.608337     960 watch.go:116] watchAllDir unable to walk dir `c:\\mywebsites\\run213\\dataconnect`: GetFileAttributesEx c:\\mywebsites\\run213\\dataconnect: The system cannot find the file specified.\n"}}
[debug] [2026-08-06T16:44:23.609Z] E0806 17:44:23.608337     960 watch.go:40] Failed to load config from "c:\\mywebsites\\run213\\dataconnect": could not find dataconnect.yaml in `c:\mywebsites\run213\dataconnect`
 {"metadata":{"emulator":{"name":"dataconnect"},"message":"E0806 17:44:23.608337     960 watch.go:40] Failed to load config from \"c:\\\\mywebsites\\\\run213\\\\dataconnect\": could not find dataconnect.yaml in `c:\\mywebsites\\run213\\dataconnect`\n"}}
[debug] [2026-08-06T16:44:33.609Z] E0806 17:44:33.608576     960 watch.go:40] Failed to load config from "c:\\mywebsites\\run213\\dataconnect": could not find dataconnect.yaml in `c:\mywebsites\run213\dataconnect`
 {"metadata":{"emulator":{"name":"dataconnect"},"message":"E0806 17:44:33.608576     960 watch.go:40] Failed to load config from \"c:\\\\mywebsites\\\\run213\\\\dataconnect\": could not find dataconnect.yaml in `c:\\mywebsites\\run213\\dataconnect`\n"}}
[debug] [2026-08-06T16:44:43.609Z] E0806 17:44:43.608946     960 watch.go:40] Failed to load config from "c:\\mywebsites\\run213\\dataconnect": could not find dataconnect.yaml in `c:\mywebsites\run213\dataconnect`
 {"metadata":{"emulator":{"name":"dataconnect"},"message":"E0806 17:44:43.608946     960 watch.go:40] Failed to load config from \"c:\\\\mywebsites\\\\run213\\\\dataconnect\": could not find dataconnect.yaml in `c:\\mywebsites\\run213\\dataconnect`\n"}}
[debug] [2026-08-06T16:44:53.611Z] E0806 17:44:53.609904     960 watch.go:40] Failed to load config from "c:\\mywebsites\\run213\\dataconnect": could not find dataconnect.yaml in `c:\mywebsites\run213\dataconnect`
 {"metadata":{"emulator":{"name":"dataconnect"},"message":"E0806 17:44:53.609904     960 watch.go:40] Failed to load config from \"c:\\\\mywebsites\\\\run213\\\\dataconnect\": could not find dataconnect.yaml in `c:\\mywebsites\\run213\\dataconnect`\n"}}
[debug] [2026-08-06T16:45:03.610Z] E0806 17:45:03.609886     960 watch.go:40] Failed to load config from "c:\\mywebsites\\run213\\dataconnect": could not find dataconnect.yaml in `c:\mywebsites\run213\dataconnect`
 {"metadata":{"emulator":{"name":"dataconnect"},"message":"E0806 17:45:03.609886     960 watch.go:40] Failed to load config from \"c:\\\\mywebsites\\\\run213\\\\dataconnect\": could not find dataconnect.yaml in `c:\\mywebsites\\run213\\dataconnect`\n"}}
[debug] [2026-08-06T16:45:13.610Z] E0806 17:45:13.609622     960 watch.go:40] Failed to load config from "c:\\mywebsites\\run213\\dataconnect": could not find dataconnect.yaml in `c:\mywebsites\run213\dataconnect`
 {"metadata":{"emulator":{"name":"dataconnect"},"message":"E0806 17:45:13.609622     960 watch.go:40] Failed to load config from \"c:\\\\mywebsites\\\\run213\\\\dataconnect\": could not find dataconnect.yaml in `c:\\mywebsites\\run213\\dataconnect`\n"}}
[debug] [2026-08-06T16:45:23.610Z] E0806 17:45:23.610143     960 watch.go:116] watchAllDir unable to walk dir `c:\mywebsites\run213\dataconnect`: GetFileAttributesEx c:\mywebsites\run213\dataconnect: The system cannot find the file specified.
 {"metadata":{"emulator":{"name":"dataconnect"},"message":"E0806 17:45:23.610143     960 watch.go:116] watchAllDir unable to walk dir `c:\\mywebsites\\run213\\dataconnect`: GetFileAttributesEx c:\\mywebsites\\run213\\dataconnect: The system cannot find the file specified.\n"}}
[debug] [2026-08-06T16:45:23.616Z] E0806 17:45:23.616044     960 watch.go:40] Failed to load config from "c:\\mywebsites\\run213\\dataconnect": could not find dataconnect.yaml in `c:\mywebsites\run213\dataconnect`
 {"metadata":{"emulator":{"name":"dataconnect"},"message":"E0806 17:45:23.616044     960 watch.go:40] Failed to load config from \"c:\\\\mywebsites\\\\run213\\\\dataconnect\": could not find dataconnect.yaml in `c:\\mywebsites\\run213\\dataconnect`\n"}}
[debug] [2026-08-06T16:45:33.609Z] E0806 17:45:33.609561     960 watch.go:40] Failed to load config from "c:\\mywebsites\\run213\\dataconnect": could not find dataconnect.yaml in `c:\mywebsites\run213\dataconnect`
 {"metadata":{"emulator":{"name":"dataconnect"},"message":"E0806 17:45:33.609561     960 watch.go:40] Failed to load config from \"c:\\\\mywebsites\\\\run213\\\\dataconnect\": could not find dataconnect.yaml in `c:\\mywebsites\\run213\\dataconnect`\n"}}
[debug] [2026-08-06T16:45:43.611Z] E0806 17:45:43.610972     960 watch.go:40] Failed to load config from "c:\\mywebsites\\run213\\dataconnect": could not find dataconnect.yaml in `c:\mywebsites\run213\dataconnect`
 {"metadata":{"emulator":{"name":"dataconnect"},"message":"E0806 17:45:43.610972     960 watch.go:40] Failed to load config from \"c:\\\\mywebsites\\\\run213\\\\dataconnect\": could not find dataconnect.yaml in `c:\\mywebsites\\run213\\dataconnect`\n"}}
[debug] [2026-08-06T16:45:53.610Z] E0806 17:45:53.609988     960 watch.go:40] Failed to load config from "c:\\mywebsites\\run213\\dataconnect": could not find dataconnect.yaml in `c:\mywebsites\run213\dataconnect`
 {"metadata":{"emulator":{"name":"dataconnect"},"message":"E0806 17:45:53.609988     960 watch.go:40] Failed to load config from \"c:\\\\mywebsites\\\\run213\\\\dataconnect\": could not find dataconnect.yaml in `c:\\mywebsites\\run213\\dataconnect`\n"}}
[debug] [2026-08-06T16:46:03.609Z] E0806 17:46:03.609224     960 watch.go:40] Failed to load config from "c:\\mywebsites\\run213\\dataconnect": could not find dataconnect.yaml in `c:\mywebsites\run213\dataconnect`
 {"metadata":{"emulator":{"name":"dataconnect"},"message":"E0806 17:46:03.609224     960 watch.go:40] Failed to load config from \"c:\\\\mywebsites\\\\run213\\\\dataconnect\": could not find dataconnect.yaml in `c:\\mywebsites\\run213\\dataconnect`\n"}}
[debug] [2026-08-06T16:46:13.611Z] E0806 17:46:13.610766     960 watch.go:40] Failed to load config from "c:\\mywebsites\\run213\\dataconnect": could not find dataconnect.yaml in `c:\mywebsites\run213\dataconnect`
 {"metadata":{"emulator":{"name":"dataconnect"},"message":"E0806 17:46:13.610766     960 watch.go:40] Failed to load config from \"c:\\\\mywebsites\\\\run213\\\\dataconnect\": could not find dataconnect.yaml in `c:\\mywebsites\\run213\\dataconnect`\n"}}
[debug] [2026-08-06T16:46:23.614Z] E0806 17:46:23.613512     960 watch.go:116] watchAllDir unable to walk dir `c:\mywebsites\run213\dataconnect`: GetFileAttributesEx c:\mywebsites\run213\dataconnect: The system cannot find the file specified.
 {"metadata":{"emulator":{"name":"dataconnect"},"message":"E0806 17:46:23.613512     960 watch.go:116] watchAllDir unable to walk dir `c:\\mywebsites\\run213\\dataconnect`: GetFileAttributesEx c:\\mywebsites\\run213\\dataconnect: The system cannot find the file specified.\n"}}
[debug] [2026-08-06T16:46:23.617Z] E0806 17:46:23.614564     960 watch.go:40] Failed to load config from "c:\\mywebsites\\run213\\dataconnect": could not find dataconnect.yaml in `c:\mywebsites\run213\dataconnect`
 {"metadata":{"emulator":{"name":"dataconnect"},"message":"E0806 17:46:23.614564     960 watch.go:40] Failed to load config from \"c:\\\\mywebsites\\\\run213\\\\dataconnect\": could not find dataconnect.yaml in `c:\\mywebsites\\run213\\dataconnect`\n"}}
[debug] [2026-08-06T16:46:33.610Z] E0806 17:46:33.609793     960 watch.go:40] Failed to load config from "c:\\mywebsites\\run213\\dataconnect": could not find dataconnect.yaml in `c:\mywebsites\run213\dataconnect`
 {"metadata":{"emulator":{"name":"dataconnect"},"message":"E0806 17:46:33.609793     960 watch.go:40] Failed to load config from \"c:\\\\mywebsites\\\\run213\\\\dataconnect\": could not find dataconnect.yaml in `c:\\mywebsites\\run213\\dataconnect`\n"}}
[debug] [2026-08-06T16:46:43.610Z] E0806 17:46:43.609617     960 watch.go:40] Failed to load config from "c:\\mywebsites\\run213\\dataconnect": could not find dataconnect.yaml in `c:\mywebsites\run213\dataconnect`
 {"metadata":{"emulator":{"name":"dataconnect"},"message":"E0806 17:46:43.609617     960 watch.go:40] Failed to load config from \"c:\\\\mywebsites\\\\run213\\\\dataconnect\": could not find dataconnect.yaml in `c:\\mywebsites\\run213\\dataconnect`\n"}}
[debug] [2026-08-06T16:46:53.610Z] E0806 17:46:53.610176     960 watch.go:40] Failed to load config from "c:\\mywebsites\\run213\\dataconnect": could not find dataconnect.yaml in `c:\mywebsites\run213\dataconnect`
 {"metadata":{"emulator":{"name":"dataconnect"},"message":"E0806 17:46:53.610176     960 watch.go:40] Failed to load config from \"c:\\\\mywebsites\\\\run213\\\\dataconnect\": could not find dataconnect.yaml in `c:\\mywebsites\\run213\\dataconnect`\n"}}
[debug] [2026-08-06T16:47:03.611Z] E0806 17:47:03.611050     960 watch.go:40] Failed to load config from "c:\\mywebsites\\run213\\dataconnect": could not find dataconnect.yaml in `c:\mywebsites\run213\dataconnect`
 {"metadata":{"emulator":{"name":"dataconnect"},"message":"E0806 17:47:03.611050     960 watch.go:40] Failed to load config from \"c:\\\\mywebsites\\\\run213\\\\dataconnect\": could not find dataconnect.yaml in `c:\\mywebsites\\run213\\dataconnect`\n"}}
[debug] [2026-08-06T16:47:13.611Z] E0806 17:47:13.610356     960 watch.go:40] Failed to load config from "c:\\mywebsites\\run213\\dataconnect": could not find dataconnect.yaml in `c:\mywebsites\run213\dataconnect`
 {"metadata":{"emulator":{"name":"dataconnect"},"message":"E0806 17:47:13.610356     960 watch.go:40] Failed to load config from \"c:\\\\mywebsites\\\\run213\\\\dataconnect\": could not find dataconnect.yaml in `c:\\mywebsites\\run213\\dataconnect`\n"}}
[debug] [2026-08-06T16:47:23.609Z] E0806 17:47:23.608386     960 watch.go:116] watchAllDir unable to walk dir `c:\mywebsites\run213\dataconnect`: GetFileAttributesEx c:\mywebsites\run213\dataconnect: The system cannot find the file specified.
 {"metadata":{"emulator":{"name":"dataconnect"},"message":"E0806 17:47:23.608386     960 watch.go:116] watchAllDir unable to walk dir `c:\\mywebsites\\run213\\dataconnect`: GetFileAttributesEx c:\\mywebsites\\run213\\dataconnect: The system cannot find the file specified.\n"}}
[debug] [2026-08-06T16:47:23.616Z] E0806 17:47:23.608386     960 watch.go:40] Failed to load config from "c:\\mywebsites\\run213\\dataconnect": could not find dataconnect.yaml in `c:\mywebsites\run213\dataconnect`
 {"metadata":{"emulator":{"name":"dataconnect"},"message":"E0806 17:47:23.608386     960 watch.go:40] Failed to load config from \"c:\\\\mywebsites\\\\run213\\\\dataconnect\": could not find dataconnect.yaml in `c:\\mywebsites\\run213\\dataconnect`\n"}}
[debug] [2026-08-06T16:47:33.613Z] E0806 17:47:33.612730     960 watch.go:40] Failed to load config from "c:\\mywebsites\\run213\\dataconnect": could not find dataconnect.yaml in `c:\mywebsites\run213\dataconnect`
 {"metadata":{"emulator":{"name":"dataconnect"},"message":"E0806 17:47:33.612730     960 watch.go:40] Failed to load config from \"c:\\\\mywebsites\\\\run213\\\\dataconnect\": could not find dataconnect.yaml in `c:\\mywebsites\\run213\\dataconnect`\n"}}
[debug] [2026-08-06T16:47:43.610Z] E0806 17:47:43.609473     960 watch.go:40] Failed to load config from "c:\\mywebsites\\run213\\dataconnect": could not find dataconnect.yaml in `c:\mywebsites\run213\dataconnect`
 {"metadata":{"emulator":{"name":"dataconnect"},"message":"E0806 17:47:43.609473     960 watch.go:40] Failed to load config from \"c:\\\\mywebsites\\\\run213\\\\dataconnect\": could not find dataconnect.yaml in `c:\\mywebsites\\run213\\dataconnect`\n"}}
[debug] [2026-08-06T16:47:53.611Z] E0806 17:47:53.610328     960 watch.go:40] Failed to load config from "c:\\mywebsites\\run213\\dataconnect": could not find dataconnect.yaml in `c:\mywebsites\run213\dataconnect`
 {"metadata":{"emulator":{"name":"dataconnect"},"message":"E0806 17:47:53.610328     960 watch.go:40] Failed to load config from \"c:\\\\mywebsites\\\\run213\\\\dataconnect\": could not find dataconnect.yaml in `c:\\mywebsites\\run213\\dataconnect`\n"}}
[debug] [2026-08-06T16:48:03.611Z] E0806 17:48:03.610815     960 watch.go:40] Failed to load config from "c:\\mywebsites\\run213\\dataconnect": could not find dataconnect.yaml in `c:\mywebsites\run213\dataconnect`
 {"metadata":{"emulator":{"name":"dataconnect"},"message":"E0806 17:48:03.610815     960 watch.go:40] Failed to load config from \"c:\\\\mywebsites\\\\run213\\\\dataconnect\": could not find dataconnect.yaml in `c:\\mywebsites\\run213\\dataconnect`\n"}}
[debug] [2026-08-06T16:48:13.609Z] E0806 17:48:13.609329     960 watch.go:40] Failed to load config from "c:\\mywebsites\\run213\\dataconnect": could not find dataconnect.yaml in `c:\mywebsites\run213\dataconnect`
 {"metadata":{"emulator":{"name":"dataconnect"},"message":"E0806 17:48:13.609329     960 watch.go:40] Failed to load config from \"c:\\\\mywebsites\\\\run213\\\\dataconnect\": could not find dataconnect.yaml in `c:\\mywebsites\\run213\\dataconnect`\n"}}
[debug] [2026-08-06T16:48:23.610Z] E0806 17:48:23.609515     960 watch.go:116] watchAllDir unable to walk dir `c:\mywebsites\run213\dataconnect`: GetFileAttributesEx c:\mywebsites\run213\dataconnect: The system cannot find the file specified.
 {"metadata":{"emulator":{"name":"dataconnect"},"message":"E0806 17:48:23.609515     960 watch.go:116] watchAllDir unable to walk dir `c:\\mywebsites\\run213\\dataconnect`: GetFileAttributesEx c:\\mywebsites\\run213\\dataconnect: The system cannot find the file specified.\n"}}
[debug] [2026-08-06T16:48:23.614Z] E0806 17:48:23.611044     960 watch.go:40] Failed to load config from "c:\\mywebsites\\run213\\dataconnect": could not find dataconnect.yaml in `c:\mywebsites\run213\dataconnect`
 {"metadata":{"emulator":{"name":"dataconnect"},"message":"E0806 17:48:23.611044     960 watch.go:40] Failed to load config from \"c:\\\\mywebsites\\\\run213\\\\dataconnect\": could not find dataconnect.yaml in `c:\\mywebsites\\run213\\dataconnect`\n"}}
[debug] [2026-08-06T16:48:33.613Z] E0806 17:48:33.613009     960 watch.go:40] Failed to load config from "c:\\mywebsites\\run213\\dataconnect": could not find dataconnect.yaml in `c:\mywebsites\run213\dataconnect`
 {"metadata":{"emulator":{"name":"dataconnect"},"message":"E0806 17:48:33.613009     960 watch.go:40] Failed to load config from \"c:\\\\mywebsites\\\\run213\\\\dataconnect\": could not find dataconnect.yaml in `c:\\mywebsites\\run213\\dataconnect`\n"}}
[debug] [2026-08-06T16:48:43.611Z] E0806 17:48:43.610511     960 watch.go:40] Failed to load config from "c:\\mywebsites\\run213\\dataconnect": could not find dataconnect.yaml in `c:\mywebsites\run213\dataconnect`
 {"metadata":{"emulator":{"name":"dataconnect"},"message":"E0806 17:48:43.610511     960 watch.go:40] Failed to load config from \"c:\\\\mywebsites\\\\run213\\\\dataconnect\": could not find dataconnect.yaml in `c:\\mywebsites\\run213\\dataconnect`\n"}}
[debug] [2026-08-06T16:48:53.611Z] E0806 17:48:53.610907     960 watch.go:40] Failed to load config from "c:\\mywebsites\\run213\\dataconnect": could not find dataconnect.yaml in `c:\mywebsites\run213\dataconnect`
 {"metadata":{"emulator":{"name":"dataconnect"},"message":"E0806 17:48:53.610907     960 watch.go:40] Failed to load config from \"c:\\\\mywebsites\\\\run213\\\\dataconnect\": could not find dataconnect.yaml in `c:\\mywebsites\\run213\\dataconnect`\n"}}
[debug] [2026-08-06T16:49:03.609Z] E0806 17:49:03.608430     960 watch.go:40] Failed to load config from "c:\\mywebsites\\run213\\dataconnect": could not find dataconnect.yaml in `c:\mywebsites\run213\dataconnect`
 {"metadata":{"emulator":{"name":"dataconnect"},"message":"E0806 17:49:03.608430     960 watch.go:40] Failed to load config from \"c:\\\\mywebsites\\\\run213\\\\dataconnect\": could not find dataconnect.yaml in `c:\\mywebsites\\run213\\dataconnect`\n"}}
[debug] [2026-08-06T16:49:13.672Z] E0806 17:49:13.655898     960 watch.go:40] Failed to load config from "c:\\mywebsites\\run213\\dataconnect": could not find dataconnect.yaml in `c:\mywebsites\run213\dataconnect`
 {"metadata":{"emulator":{"name":"dataconnect"},"message":"E0806 17:49:13.655898     960 watch.go:40] Failed to load config from \"c:\\\\mywebsites\\\\run213\\\\dataconnect\": could not find dataconnect.yaml in `c:\\mywebsites\\run213\\dataconnect`\n"}}
[debug] [2026-08-06T16:49:23.607Z] E0806 17:49:23.608759     960 watch.go:116] watchAllDir unable to walk dir `c:\mywebsites\run213\dataconnect`: GetFileAttributesEx c:\mywebsites\run213\dataconnect: The system cannot find the file specified.
 {"metadata":{"emulator":{"name":"dataconnect"},"message":"E0806 17:49:23.608759     960 watch.go:116] watchAllDir unable to walk dir `c:\\mywebsites\\run213\\dataconnect`: GetFileAttributesEx c:\\mywebsites\\run213\\dataconnect: The system cannot find the file specified.\n"}}
[debug] [2026-08-06T16:49:23.609Z] E0806 17:49:23.609418     960 watch.go:40] Failed to load config from "c:\\mywebsites\\run213\\dataconnect": could not find dataconnect.yaml in `c:\mywebsites\run213\dataconnect`
 {"metadata":{"emulator":{"name":"dataconnect"},"message":"E0806 17:49:23.609418     960 watch.go:40] Failed to load config from \"c:\\\\mywebsites\\\\run213\\\\dataconnect\": could not find dataconnect.yaml in `c:\\mywebsites\\run213\\dataconnect`\n"}}
[debug] [2026-08-06T16:49:33.608Z] E0806 17:49:33.609710     960 watch.go:40] Failed to load config from "c:\\mywebsites\\run213\\dataconnect": could not find dataconnect.yaml in `c:\mywebsites\run213\dataconnect`
 {"metadata":{"emulator":{"name":"dataconnect"},"message":"E0806 17:49:33.609710     960 watch.go:40] Failed to load config from \"c:\\\\mywebsites\\\\run213\\\\dataconnect\": could not find dataconnect.yaml in `c:\\mywebsites\\run213\\dataconnect`\n"}}
[debug] [2026-08-06T16:49:43.607Z] E0806 17:49:43.608380     960 watch.go:40] Failed to load config from "c:\\mywebsites\\run213\\dataconnect": could not find dataconnect.yaml in `c:\mywebsites\run213\dataconnect`
 {"metadata":{"emulator":{"name":"dataconnect"},"message":"E0806 17:49:43.608380     960 watch.go:40] Failed to load config from \"c:\\\\mywebsites\\\\run213\\\\dataconnect\": could not find dataconnect.yaml in `c:\\mywebsites\\run213\\dataconnect`\n"}}
[debug] [2026-08-06T16:49:53.607Z] E0806 17:49:53.609464     960 watch.go:40] Failed to load config from "c:\\mywebsites\\run213\\dataconnect": could not find dataconnect.yaml in `c:\mywebsites\run213\dataconnect`
 {"metadata":{"emulator":{"name":"dataconnect"},"message":"E0806 17:49:53.609464     960 watch.go:40] Failed to load config from \"c:\\\\mywebsites\\\\run213\\\\dataconnect\": could not find dataconnect.yaml in `c:\\mywebsites\\run213\\dataconnect`\n"}}
[debug] [2026-08-06T16:50:03.607Z] E0806 17:50:03.608774     960 watch.go:40] Failed to load config from "c:\\mywebsites\\run213\\dataconnect": could not find dataconnect.yaml in `c:\mywebsites\run213\dataconnect`
 {"metadata":{"emulator":{"name":"dataconnect"},"message":"E0806 17:50:03.608774     960 watch.go:40] Failed to load config from \"c:\\\\mywebsites\\\\run213\\\\dataconnect\": could not find dataconnect.yaml in `c:\\mywebsites\\run213\\dataconnect`\n"}}
[debug] [2026-08-06T16:50:13.608Z] E0806 17:50:13.609019     960 watch.go:40] Failed to load config from "c:\\mywebsites\\run213\\dataconnect": could not find dataconnect.yaml in `c:\mywebsites\run213\dataconnect`
 {"metadata":{"emulator":{"name":"dataconnect"},"message":"E0806 17:50:13.609019     960 watch.go:40] Failed to load config from \"c:\\\\mywebsites\\\\run213\\\\dataconnect\": could not find dataconnect.yaml in `c:\\mywebsites\\run213\\dataconnect`\n"}}
[debug] [2026-08-06T16:50:23.610Z] E0806 17:50:23.609667     960 watch.go:116] watchAllDir unable to walk dir `c:\mywebsites\run213\dataconnect`: GetFileAttributesEx c:\mywebsites\run213\dataconnect: The system cannot find the file specified.
 {"metadata":{"emulator":{"name":"dataconnect"},"message":"E0806 17:50:23.609667     960 watch.go:116] watchAllDir unable to walk dir `c:\\mywebsites\\run213\\dataconnect`: GetFileAttributesEx c:\\mywebsites\\run213\\dataconnect: The system cannot find the file specified.\n"}}
[debug] [2026-08-06T16:50:23.611Z] E0806 17:50:23.610246     960 watch.go:40] Failed to load config from "c:\\mywebsites\\run213\\dataconnect": could not find dataconnect.yaml in `c:\mywebsites\run213\dataconnect`
 {"metadata":{"emulator":{"name":"dataconnect"},"message":"E0806 17:50:23.610246     960 watch.go:40] Failed to load config from \"c:\\\\mywebsites\\\\run213\\\\dataconnect\": could not find dataconnect.yaml in `c:\\mywebsites\\run213\\dataconnect`\n"}}
[debug] [2026-08-06T16:50:33.610Z] E0806 17:50:33.609638     960 watch.go:40] Failed to load config from "c:\\mywebsites\\run213\\dataconnect": could not find dataconnect.yaml in `c:\mywebsites\run213\dataconnect`
 {"metadata":{"emulator":{"name":"dataconnect"},"message":"E0806 17:50:33.609638     960 watch.go:40] Failed to load config from \"c:\\\\mywebsites\\\\run213\\\\dataconnect\": could not find dataconnect.yaml in `c:\\mywebsites\\run213\\dataconnect`\n"}}
[debug] [2026-08-06T16:50:43.609Z] E0806 17:50:43.608735     960 watch.go:40] Failed to load config from "c:\\mywebsites\\run213\\dataconnect": could not find dataconnect.yaml in `c:\mywebsites\run213\dataconnect`
 {"metadata":{"emulator":{"name":"dataconnect"},"message":"E0806 17:50:43.608735     960 watch.go:40] Failed to load config from \"c:\\\\mywebsites\\\\run213\\\\dataconnect\": could not find dataconnect.yaml in `c:\\mywebsites\\run213\\dataconnect`\n"}}
[debug] [2026-08-06T16:50:53.610Z] E0806 17:50:53.609346     960 watch.go:40] Failed to load config from "c:\\mywebsites\\run213\\dataconnect": could not find dataconnect.yaml in `c:\mywebsites\run213\dataconnect`
 {"metadata":{"emulator":{"name":"dataconnect"},"message":"E0806 17:50:53.609346     960 watch.go:40] Failed to load config from \"c:\\\\mywebsites\\\\run213\\\\dataconnect\": could not find dataconnect.yaml in `c:\\mywebsites\\run213\\dataconnect`\n"}}
[debug] [2026-08-06T16:51:03.609Z] E0806 17:51:03.609198     960 watch.go:40] Failed to load config from "c:\\mywebsites\\run213\\dataconnect": could not find dataconnect.yaml in `c:\mywebsites\run213\dataconnect`
 {"metadata":{"emulator":{"name":"dataconnect"},"message":"E0806 17:51:03.609198     960 watch.go:40] Failed to load config from \"c:\\\\mywebsites\\\\run213\\\\dataconnect\": could not find dataconnect.yaml in `c:\\mywebsites\\run213\\dataconnect`\n"}}
[debug] [2026-08-06T16:51:13.610Z] E0806 17:51:13.609710     960 watch.go:40] Failed to load config from "c:\\mywebsites\\run213\\dataconnect": could not find dataconnect.yaml in `c:\mywebsites\run213\dataconnect`
 {"metadata":{"emulator":{"name":"dataconnect"},"message":"E0806 17:51:13.609710     960 watch.go:40] Failed to load config from \"c:\\\\mywebsites\\\\run213\\\\dataconnect\": could not find dataconnect.yaml in `c:\\mywebsites\\run213\\dataconnect`\n"}}
[debug] [2026-08-06T16:51:23.606Z] E0806 17:51:23.609921     960 watch.go:116] watchAllDir unable to walk dir `c:\mywebsites\run213\dataconnect`: GetFileAttributesEx c:\mywebsites\run213\dataconnect: The system cannot find the file specified.
 {"metadata":{"emulator":{"name":"dataconnect"},"message":"E0806 17:51:23.609921     960 watch.go:116] watchAllDir unable to walk dir `c:\\mywebsites\\run213\\dataconnect`: GetFileAttributesEx c:\\mywebsites\\run213\\dataconnect: The system cannot find the file specified.\n"}}
[debug] [2026-08-06T16:51:23.608Z] E0806 17:51:23.610084     960 watch.go:40] Failed to load config from "c:\\mywebsites\\run213\\dataconnect": could not find dataconnect.yaml in `c:\mywebsites\run213\dataconnect`
 {"metadata":{"emulator":{"name":"dataconnect"},"message":"E0806 17:51:23.610084     960 watch.go:40] Failed to load config from \"c:\\\\mywebsites\\\\run213\\\\dataconnect\": could not find dataconnect.yaml in `c:\\mywebsites\\run213\\dataconnect`\n"}}
[debug] [2026-08-06T16:51:33.607Z] E0806 17:51:33.609783     960 watch.go:40] Failed to load config from "c:\\mywebsites\\run213\\dataconnect": could not find dataconnect.yaml in `c:\mywebsites\run213\dataconnect`
 {"metadata":{"emulator":{"name":"dataconnect"},"message":"E0806 17:51:33.609783     960 watch.go:40] Failed to load config from \"c:\\\\mywebsites\\\\run213\\\\dataconnect\": could not find dataconnect.yaml in `c:\\mywebsites\\run213\\dataconnect`\n"}}
[debug] [2026-08-06T16:51:43.608Z] E0806 17:51:43.611544     960 watch.go:40] Failed to load config from "c:\\mywebsites\\run213\\dataconnect": could not find dataconnect.yaml in `c:\mywebsites\run213\dataconnect`
 {"metadata":{"emulator":{"name":"dataconnect"},"message":"E0806 17:51:43.611544     960 watch.go:40] Failed to load config from \"c:\\\\mywebsites\\\\run213\\\\dataconnect\": could not find dataconnect.yaml in `c:\\mywebsites\\run213\\dataconnect`\n"}}
[debug] [2026-08-06T16:51:53.605Z] E0806 17:51:53.608665     960 watch.go:40] Failed to load config from "c:\\mywebsites\\run213\\dataconnect": could not find dataconnect.yaml in `c:\mywebsites\run213\dataconnect`
 {"metadata":{"emulator":{"name":"dataconnect"},"message":"E0806 17:51:53.608665     960 watch.go:40] Failed to load config from \"c:\\\\mywebsites\\\\run213\\\\dataconnect\": could not find dataconnect.yaml in `c:\\mywebsites\\run213\\dataconnect`\n"}}
[debug] [2026-08-06T16:52:03.608Z] E0806 17:52:03.609735     960 watch.go:40] Failed to load config from "c:\\mywebsites\\run213\\dataconnect": could not find dataconnect.yaml in `c:\mywebsites\run213\dataconnect`
 {"metadata":{"emulator":{"name":"dataconnect"},"message":"E0806 17:52:03.609735     960 watch.go:40] Failed to load config from \"c:\\\\mywebsites\\\\run213\\\\dataconnect\": could not find dataconnect.yaml in `c:\\mywebsites\\run213\\dataconnect`\n"}}
[debug] [2026-08-06T16:52:13.607Z] E0806 17:52:13.610785     960 watch.go:40] Failed to load config from "c:\\mywebsites\\run213\\dataconnect": could not find dataconnect.yaml in `c:\mywebsites\run213\dataconnect`
 {"metadata":{"emulator":{"name":"dataconnect"},"message":"E0806 17:52:13.610785     960 watch.go:40] Failed to load config from \"c:\\\\mywebsites\\\\run213\\\\dataconnect\": could not find dataconnect.yaml in `c:\\mywebsites\\run213\\dataconnect`\n"}}
[debug] [2026-08-06T16:52:23.609Z] E0806 17:52:23.609040     960 watch.go:116] watchAllDir unable to walk dir `c:\mywebsites\run213\dataconnect`: GetFileAttributesEx c:\mywebsites\run213\dataconnect: The system cannot find the file specified.
 {"metadata":{"emulator":{"name":"dataconnect"},"message":"E0806 17:52:23.609040     960 watch.go:116] watchAllDir unable to walk dir `c:\\mywebsites\\run213\\dataconnect`: GetFileAttributesEx c:\\mywebsites\\run213\\dataconnect: The system cannot find the file specified.\n"}}
[debug] [2026-08-06T16:52:23.612Z] E0806 17:52:23.610193     960 watch.go:40] Failed to load config from "c:\\mywebsites\\run213\\dataconnect": could not find dataconnect.yaml in `c:\mywebsites\run213\dataconnect`
 {"metadata":{"emulator":{"name":"dataconnect"},"message":"E0806 17:52:23.610193     960 watch.go:40] Failed to load config from \"c:\\\\mywebsites\\\\run213\\\\dataconnect\": could not find dataconnect.yaml in `c:\\mywebsites\\run213\\dataconnect`\n"}}
[debug] [2026-08-06T16:52:33.608Z] E0806 17:52:33.608570     960 watch.go:40] Failed to load config from "c:\\mywebsites\\run213\\dataconnect": could not find dataconnect.yaml in `c:\mywebsites\run213\dataconnect`
 {"metadata":{"emulator":{"name":"dataconnect"},"message":"E0806 17:52:33.608570     960 watch.go:40] Failed to load config from \"c:\\\\mywebsites\\\\run213\\\\dataconnect\": could not find dataconnect.yaml in `c:\\mywebsites\\run213\\dataconnect`\n"}}
[debug] [2026-08-06T16:52:43.610Z] E0806 17:52:43.610356     960 watch.go:40] Failed to load config from "c:\\mywebsites\\run213\\dataconnect": could not find dataconnect.yaml in `c:\mywebsites\run213\dataconnect`
 {"metadata":{"emulator":{"name":"dataconnect"},"message":"E0806 17:52:43.610356     960 watch.go:40] Failed to load config from \"c:\\\\mywebsites\\\\run213\\\\dataconnect\": could not find dataconnect.yaml in `c:\\mywebsites\\run213\\dataconnect`\n"}}
[debug] [2026-08-06T16:52:53.609Z] E0806 17:52:53.609193     960 watch.go:40] Failed to load config from "c:\\mywebsites\\run213\\dataconnect": could not find dataconnect.yaml in `c:\mywebsites\run213\dataconnect`
 {"metadata":{"emulator":{"name":"dataconnect"},"message":"E0806 17:52:53.609193     960 watch.go:40] Failed to load config from \"c:\\\\mywebsites\\\\run213\\\\dataconnect\": could not find dataconnect.yaml in `c:\\mywebsites\\run213\\dataconnect`\n"}}
[debug] [2026-08-06T16:53:03.609Z] E0806 17:53:03.609658     960 watch.go:40] Failed to load config from "c:\\mywebsites\\run213\\dataconnect": could not find dataconnect.yaml in `c:\mywebsites\run213\dataconnect`
 {"metadata":{"emulator":{"name":"dataconnect"},"message":"E0806 17:53:03.609658     960 watch.go:40] Failed to load config from \"c:\\\\mywebsites\\\\run213\\\\dataconnect\": could not find dataconnect.yaml in `c:\\mywebsites\\run213\\dataconnect`\n"}}
[debug] [2026-08-06T16:53:13.609Z] E0806 17:53:13.609739     960 watch.go:40] Failed to load config from "c:\\mywebsites\\run213\\dataconnect": could not find dataconnect.yaml in `c:\mywebsites\run213\dataconnect`
 {"metadata":{"emulator":{"name":"dataconnect"},"message":"E0806 17:53:13.609739     960 watch.go:40] Failed to load config from \"c:\\\\mywebsites\\\\run213\\\\dataconnect\": could not find dataconnect.yaml in `c:\\mywebsites\\run213\\dataconnect`\n"}}
[debug] [2026-08-06T16:53:23.609Z] E0806 17:53:23.609072     960 watch.go:116] watchAllDir unable to walk dir `c:\mywebsites\run213\dataconnect`: GetFileAttributesEx c:\mywebsites\run213\dataconnect: The system cannot find the file specified.
 {"metadata":{"emulator":{"name":"dataconnect"},"message":"E0806 17:53:23.609072     960 watch.go:116] watchAllDir unable to walk dir `c:\\mywebsites\\run213\\dataconnect`: GetFileAttributesEx c:\\mywebsites\\run213\\dataconnect: The system cannot find the file specified.\n"}}
[debug] [2026-08-06T16:53:23.613Z] E0806 17:53:23.610096     960 watch.go:40] Failed to load config from "c:\\mywebsites\\run213\\dataconnect": could not find dataconnect.yaml in `c:\mywebsites\run213\dataconnect`
 {"metadata":{"emulator":{"name":"dataconnect"},"message":"E0806 17:53:23.610096     960 watch.go:40] Failed to load config from \"c:\\\\mywebsites\\\\run213\\\\dataconnect\": could not find dataconnect.yaml in `c:\\mywebsites\\run213\\dataconnect`\n"}}
[debug] [2026-08-06T16:53:33.610Z] E0806 17:53:33.609809     960 watch.go:40] Failed to load config from "c:\\mywebsites\\run213\\dataconnect": could not find dataconnect.yaml in `c:\mywebsites\run213\dataconnect`
 {"metadata":{"emulator":{"name":"dataconnect"},"message":"E0806 17:53:33.609809     960 watch.go:40] Failed to load config from \"c:\\\\mywebsites\\\\run213\\\\dataconnect\": could not find dataconnect.yaml in `c:\\mywebsites\\run213\\dataconnect`\n"}}
[debug] [2026-08-06T16:53:43.610Z] E0806 17:53:43.610027     960 watch.go:40] Failed to load config from "c:\\mywebsites\\run213\\dataconnect": could not find dataconnect.yaml in `c:\mywebsites\run213\dataconnect`
 {"metadata":{"emulator":{"name":"dataconnect"},"message":"E0806 17:53:43.610027     960 watch.go:40] Failed to load config from \"c:\\\\mywebsites\\\\run213\\\\dataconnect\": could not find dataconnect.yaml in `c:\\mywebsites\\run213\\dataconnect`\n"}}
[debug] [2026-08-06T16:53:53.611Z] E0806 17:53:53.610871     960 watch.go:40] Failed to load config from "c:\\mywebsites\\run213\\dataconnect": could not find dataconnect.yaml in `c:\mywebsites\run213\dataconnect`
 {"metadata":{"emulator":{"name":"dataconnect"},"message":"E0806 17:53:53.610871     960 watch.go:40] Failed to load config from \"c:\\\\mywebsites\\\\run213\\\\dataconnect\": could not find dataconnect.yaml in `c:\\mywebsites\\run213\\dataconnect`\n"}}
[debug] [2026-08-06T16:54:03.610Z] E0806 17:54:03.609725     960 watch.go:40] Failed to load config from "c:\\mywebsites\\run213\\dataconnect": could not find dataconnect.yaml in `c:\mywebsites\run213\dataconnect`
 {"metadata":{"emulator":{"name":"dataconnect"},"message":"E0806 17:54:03.609725     960 watch.go:40] Failed to load config from \"c:\\\\mywebsites\\\\run213\\\\dataconnect\": could not find dataconnect.yaml in `c:\\mywebsites\\run213\\dataconnect`\n"}}
[debug] [2026-08-06T16:54:13.610Z] E0806 17:54:13.609554     960 watch.go:40] Failed to load config from "c:\\mywebsites\\run213\\dataconnect": could not find dataconnect.yaml in `c:\mywebsites\run213\dataconnect`
 {"metadata":{"emulator":{"name":"dataconnect"},"message":"E0806 17:54:13.609554     960 watch.go:40] Failed to load config from \"c:\\\\mywebsites\\\\run213\\\\dataconnect\": could not find dataconnect.yaml in `c:\\mywebsites\\run213\\dataconnect`\n"}}
[debug] [2026-08-06T16:54:23.609Z] E0806 17:54:23.608958     960 watch.go:116] watchAllDir unable to walk dir `c:\mywebsites\run213\dataconnect`: GetFileAttributesEx c:\mywebsites\run213\dataconnect: The system cannot find the file specified.
 {"metadata":{"emulator":{"name":"dataconnect"},"message":"E0806 17:54:23.608958     960 watch.go:116] watchAllDir unable to walk dir `c:\\mywebsites\\run213\\dataconnect`: GetFileAttributesEx c:\\mywebsites\\run213\\dataconnect: The system cannot find the file specified.\n"}}
[debug] [2026-08-06T16:54:23.612Z] E0806 17:54:23.610057     960 watch.go:40] Failed to load config from "c:\\mywebsites\\run213\\dataconnect": could not find dataconnect.yaml in `c:\mywebsites\run213\dataconnect`
 {"metadata":{"emulator":{"name":"dataconnect"},"message":"E0806 17:54:23.610057     960 watch.go:40] Failed to load config from \"c:\\\\mywebsites\\\\run213\\\\dataconnect\": could not find dataconnect.yaml in `c:\\mywebsites\\run213\\dataconnect`\n"}}
[debug] [2026-08-06T16:54:33.609Z] E0806 17:54:33.608861     960 watch.go:40] Failed to load config from "c:\\mywebsites\\run213\\dataconnect": could not find dataconnect.yaml in `c:\mywebsites\run213\dataconnect`
 {"metadata":{"emulator":{"name":"dataconnect"},"message":"E0806 17:54:33.608861     960 watch.go:40] Failed to load config from \"c:\\\\mywebsites\\\\run213\\\\dataconnect\": could not find dataconnect.yaml in `c:\\mywebsites\\run213\\dataconnect`\n"}}
[debug] [2026-08-06T16:54:43.623Z] E0806 17:54:43.622945     960 watch.go:40] Failed to load config from "c:\\mywebsites\\run213\\dataconnect": could not find dataconnect.yaml in `c:\mywebsites\run213\dataconnect`
 {"metadata":{"emulator":{"name":"dataconnect"},"message":"E0806 17:54:43.622945     960 watch.go:40] Failed to load config from \"c:\\\\mywebsites\\\\run213\\\\dataconnect\": could not find dataconnect.yaml in `c:\\mywebsites\\run213\\dataconnect`\n"}}
[debug] [2026-08-06T16:54:53.609Z] E0806 17:54:53.610062     960 watch.go:40] Failed to load config from "c:\\mywebsites\\run213\\dataconnect": could not find dataconnect.yaml in `c:\mywebsites\run213\dataconnect`
 {"metadata":{"emulator":{"name":"dataconnect"},"message":"E0806 17:54:53.610062     960 watch.go:40] Failed to load config from \"c:\\\\mywebsites\\\\run213\\\\dataconnect\": could not find dataconnect.yaml in `c:\\mywebsites\\run213\\dataconnect`\n"}}
[debug] [2026-08-06T16:55:03.609Z] E0806 17:55:03.609827     960 watch.go:40] Failed to load config from "c:\\mywebsites\\run213\\dataconnect": could not find dataconnect.yaml in `c:\mywebsites\run213\dataconnect`
 {"metadata":{"emulator":{"name":"dataconnect"},"message":"E0806 17:55:03.609827     960 watch.go:40] Failed to load config from \"c:\\\\mywebsites\\\\run213\\\\dataconnect\": could not find dataconnect.yaml in `c:\\mywebsites\\run213\\dataconnect`\n"}}
[debug] [2026-08-06T16:55:13.610Z] E0806 17:55:13.610541     960 watch.go:40] Failed to load config from "c:\\mywebsites\\run213\\dataconnect": could not find dataconnect.yaml in `c:\mywebsites\run213\dataconnect`
 {"metadata":{"emulator":{"name":"dataconnect"},"message":"E0806 17:55:13.610541     960 watch.go:40] Failed to load config from \"c:\\\\mywebsites\\\\run213\\\\dataconnect\": could not find dataconnect.yaml in `c:\\mywebsites\\run213\\dataconnect`\n"}}
[debug] [2026-08-06T16:55:23.608Z] E0806 17:55:23.608508     960 watch.go:116] watchAllDir unable to walk dir `c:\mywebsites\run213\dataconnect`: GetFileAttributesEx c:\mywebsites\run213\dataconnect: The system cannot find the file specified.
 {"metadata":{"emulator":{"name":"dataconnect"},"message":"E0806 17:55:23.608508     960 watch.go:116] watchAllDir unable to walk dir `c:\\mywebsites\\run213\\dataconnect`: GetFileAttributesEx c:\\mywebsites\\run213\\dataconnect: The system cannot find the file specified.\n"}}
[debug] [2026-08-06T16:55:23.610Z] E0806 17:55:23.608508     960 watch.go:40] Failed to load config from "c:\\mywebsites\\run213\\dataconnect": could not find dataconnect.yaml in `c:\mywebsites\run213\dataconnect`
 {"metadata":{"emulator":{"name":"dataconnect"},"message":"E0806 17:55:23.608508     960 watch.go:40] Failed to load config from \"c:\\\\mywebsites\\\\run213\\\\dataconnect\": could not find dataconnect.yaml in `c:\\mywebsites\\run213\\dataconnect`\n"}}
[debug] [2026-08-06T16:55:33.610Z] E0806 17:55:33.609876     960 watch.go:40] Failed to load config from "c:\\mywebsites\\run213\\dataconnect": could not find dataconnect.yaml in `c:\mywebsites\run213\dataconnect`
 {"metadata":{"emulator":{"name":"dataconnect"},"message":"E0806 17:55:33.609876     960 watch.go:40] Failed to load config from \"c:\\\\mywebsites\\\\run213\\\\dataconnect\": could not find dataconnect.yaml in `c:\\mywebsites\\run213\\dataconnect`\n"}}
[debug] [2026-08-06T16:55:43.609Z] E0806 17:55:43.609198     960 watch.go:40] Failed to load config from "c:\\mywebsites\\run213\\dataconnect": could not find dataconnect.yaml in `c:\mywebsites\run213\dataconnect`
 {"metadata":{"emulator":{"name":"dataconnect"},"message":"E0806 17:55:43.609198     960 watch.go:40] Failed to load config from \"c:\\\\mywebsites\\\\run213\\\\dataconnect\": could not find dataconnect.yaml in `c:\\mywebsites\\run213\\dataconnect`\n"}}
[debug] [2026-08-06T16:55:53.610Z] E0806 17:55:53.609664     960 watch.go:40] Failed to load config from "c:\\mywebsites\\run213\\dataconnect": could not find dataconnect.yaml in `c:\mywebsites\run213\dataconnect`
 {"metadata":{"emulator":{"name":"dataconnect"},"message":"E0806 17:55:53.609664     960 watch.go:40] Failed to load config from \"c:\\\\mywebsites\\\\run213\\\\dataconnect\": could not find dataconnect.yaml in `c:\\mywebsites\\run213\\dataconnect`\n"}}
[debug] [2026-08-06T16:56:03.610Z] E0806 17:56:03.609627     960 watch.go:40] Failed to load config from "c:\\mywebsites\\run213\\dataconnect": could not find dataconnect.yaml in `c:\mywebsites\run213\dataconnect`
 {"metadata":{"emulator":{"name":"dataconnect"},"message":"E0806 17:56:03.609627     960 watch.go:40] Failed to load config from \"c:\\\\mywebsites\\\\run213\\\\dataconnect\": could not find dataconnect.yaml in `c:\\mywebsites\\run213\\dataconnect`\n"}}
[debug] [2026-08-06T16:56:13.609Z] E0806 17:56:13.608261     960 watch.go:40] Failed to load config from "c:\\mywebsites\\run213\\dataconnect": could not find dataconnect.yaml in `c:\mywebsites\run213\dataconnect`
 {"metadata":{"emulator":{"name":"dataconnect"},"message":"E0806 17:56:13.608261     960 watch.go:40] Failed to load config from \"c:\\\\mywebsites\\\\run213\\\\dataconnect\": could not find dataconnect.yaml in `c:\\mywebsites\\run213\\dataconnect`\n"}}
[debug] [2026-08-06T16:56:23.610Z] E0806 17:56:23.609663     960 watch.go:116] watchAllDir unable to walk dir `c:\mywebsites\run213\dataconnect`: GetFileAttributesEx c:\mywebsites\run213\dataconnect: The system cannot find the file specified.
 {"metadata":{"emulator":{"name":"dataconnect"},"message":"E0806 17:56:23.609663     960 watch.go:116] watchAllDir unable to walk dir `c:\\mywebsites\\run213\\dataconnect`: GetFileAttributesEx c:\\mywebsites\\run213\\dataconnect: The system cannot find the file specified.\n"}}
[debug] [2026-08-06T16:56:23.616Z] E0806 17:56:23.610441     960 watch.go:40] Failed to load config from "c:\\mywebsites\\run213\\dataconnect": could not find dataconnect.yaml in `c:\mywebsites\run213\dataconnect`
 {"metadata":{"emulator":{"name":"dataconnect"},"message":"E0806 17:56:23.610441     960 watch.go:40] Failed to load config from \"c:\\\\mywebsites\\\\run213\\\\dataconnect\": could not find dataconnect.yaml in `c:\\mywebsites\\run213\\dataconnect`\n"}}
[debug] [2026-08-06T16:56:33.609Z] E0806 17:56:33.608836     960 watch.go:40] Failed to load config from "c:\\mywebsites\\run213\\dataconnect": could not find dataconnect.yaml in `c:\mywebsites\run213\dataconnect`
 {"metadata":{"emulator":{"name":"dataconnect"},"message":"E0806 17:56:33.608836     960 watch.go:40] Failed to load config from \"c:\\\\mywebsites\\\\run213\\\\dataconnect\": could not find dataconnect.yaml in `c:\\mywebsites\\run213\\dataconnect`\n"}}
[debug] [2026-08-06T16:56:43.611Z] E0806 17:56:43.610425     960 watch.go:40] Failed to load config from "c:\\mywebsites\\run213\\dataconnect": could not find dataconnect.yaml in `c:\mywebsites\run213\dataconnect`
 {"metadata":{"emulator":{"name":"dataconnect"},"message":"E0806 17:56:43.610425     960 watch.go:40] Failed to load config from \"c:\\\\mywebsites\\\\run213\\\\dataconnect\": could not find dataconnect.yaml in `c:\\mywebsites\\run213\\dataconnect`\n"}}
[debug] [2026-08-06T16:56:53.611Z] E0806 17:56:53.610663     960 watch.go:40] Failed to load config from "c:\\mywebsites\\run213\\dataconnect": could not find dataconnect.yaml in `c:\mywebsites\run213\dataconnect`
 {"metadata":{"emulator":{"name":"dataconnect"},"message":"E0806 17:56:53.610663     960 watch.go:40] Failed to load config from \"c:\\\\mywebsites\\\\run213\\\\dataconnect\": could not find dataconnect.yaml in `c:\\mywebsites\\run213\\dataconnect`\n"}}
[debug] [2026-08-06T16:57:03.612Z] E0806 17:57:03.611371     960 watch.go:40] Failed to load config from "c:\\mywebsites\\run213\\dataconnect": could not find dataconnect.yaml in `c:\mywebsites\run213\dataconnect`
 {"metadata":{"emulator":{"name":"dataconnect"},"message":"E0806 17:57:03.611371     960 watch.go:40] Failed to load config from \"c:\\\\mywebsites\\\\run213\\\\dataconnect\": could not find dataconnect.yaml in `c:\\mywebsites\\run213\\dataconnect`\n"}}
[debug] [2026-08-06T16:57:13.611Z] E0806 17:57:13.609514     960 watch.go:40] Failed to load config from "c:\\mywebsites\\run213\\dataconnect": could not find dataconnect.yaml in `c:\mywebsites\run213\dataconnect`
 {"metadata":{"emulator":{"name":"dataconnect"},"message":"E0806 17:57:13.609514     960 watch.go:40] Failed to load config from \"c:\\\\mywebsites\\\\run213\\\\dataconnect\": could not find dataconnect.yaml in `c:\\mywebsites\\run213\\dataconnect`\n"}}
[debug] [2026-08-06T16:57:23.613Z] E0806 17:57:23.613287     960 watch.go:116] watchAllDir unable to walk dir `c:\mywebsites\run213\dataconnect`: GetFileAttributesEx c:\mywebsites\run213\dataconnect: The system cannot find the file specified.
 {"metadata":{"emulator":{"name":"dataconnect"},"message":"E0806 17:57:23.613287     960 watch.go:116] watchAllDir unable to walk dir `c:\\mywebsites\\run213\\dataconnect`: GetFileAttributesEx c:\\mywebsites\\run213\\dataconnect: The system cannot find the file specified.\n"}}
[debug] [2026-08-06T16:57:23.624Z] E0806 17:57:23.614284     960 watch.go:40] Failed to load config from "c:\\mywebsites\\run213\\dataconnect": could not find dataconnect.yaml in `c:\mywebsites\run213\dataconnect`
 {"metadata":{"emulator":{"name":"dataconnect"},"message":"E0806 17:57:23.614284     960 watch.go:40] Failed to load config from \"c:\\\\mywebsites\\\\run213\\\\dataconnect\": could not find dataconnect.yaml in `c:\\mywebsites\\run213\\dataconnect`\n"}}
[debug] [2026-08-06T16:57:33.610Z] E0806 17:57:33.609667     960 watch.go:40] Failed to load config from "c:\\mywebsites\\run213\\dataconnect": could not find dataconnect.yaml in `c:\mywebsites\run213\dataconnect`
 {"metadata":{"emulator":{"name":"dataconnect"},"message":"E0806 17:57:33.609667     960 watch.go:40] Failed to load config from \"c:\\\\mywebsites\\\\run213\\\\dataconnect\": could not find dataconnect.yaml in `c:\\mywebsites\\run213\\dataconnect`\n"}}
[debug] [2026-08-06T16:57:43.609Z] E0806 17:57:43.608399     960 watch.go:40] Failed to load config from "c:\\mywebsites\\run213\\dataconnect": could not find dataconnect.yaml in `c:\mywebsites\run213\dataconnect`
 {"metadata":{"emulator":{"name":"dataconnect"},"message":"E0806 17:57:43.608399     960 watch.go:40] Failed to load config from \"c:\\\\mywebsites\\\\run213\\\\dataconnect\": could not find dataconnect.yaml in `c:\\mywebsites\\run213\\dataconnect`\n"}}
[debug] [2026-08-06T16:57:53.609Z] E0806 17:57:53.609292     960 watch.go:40] Failed to load config from "c:\\mywebsites\\run213\\dataconnect": could not find dataconnect.yaml in `c:\mywebsites\run213\dataconnect`
 {"metadata":{"emulator":{"name":"dataconnect"},"message":"E0806 17:57:53.609292     960 watch.go:40] Failed to load config from \"c:\\\\mywebsites\\\\run213\\\\dataconnect\": could not find dataconnect.yaml in `c:\\mywebsites\\run213\\dataconnect`\n"}}
[debug] [2026-08-06T16:58:03.610Z] E0806 17:58:03.609537     960 watch.go:40] Failed to load config from "c:\\mywebsites\\run213\\dataconnect": could not find dataconnect.yaml in `c:\mywebsites\run213\dataconnect`
 {"metadata":{"emulator":{"name":"dataconnect"},"message":"E0806 17:58:03.609537     960 watch.go:40] Failed to load config from \"c:\\\\mywebsites\\\\run213\\\\dataconnect\": could not find dataconnect.yaml in `c:\\mywebsites\\run213\\dataconnect`\n"}}
[debug] [2026-08-06T16:58:13.609Z] E0806 17:58:13.609295     960 watch.go:40] Failed to load config from "c:\\mywebsites\\run213\\dataconnect": could not find dataconnect.yaml in `c:\mywebsites\run213\dataconnect`
 {"metadata":{"emulator":{"name":"dataconnect"},"message":"E0806 17:58:13.609295     960 watch.go:40] Failed to load config from \"c:\\\\mywebsites\\\\run213\\\\dataconnect\": could not find dataconnect.yaml in `c:\\mywebsites\\run213\\dataconnect`\n"}}
[debug] [2026-08-06T16:58:23.608Z] E0806 17:58:23.608443     960 watch.go:116] watchAllDir unable to walk dir `c:\mywebsites\run213\dataconnect`: GetFileAttributesEx c:\mywebsites\run213\dataconnect: The system cannot find the file specified.
 {"metadata":{"emulator":{"name":"dataconnect"},"message":"E0806 17:58:23.608443     960 watch.go:116] watchAllDir unable to walk dir `c:\\mywebsites\\run213\\dataconnect`: GetFileAttributesEx c:\\mywebsites\\run213\\dataconnect: The system cannot find the file specified.\n"}}
[debug] [2026-08-06T16:58:23.611Z] E0806 17:58:23.610740     960 watch.go:40] Failed to load config from "c:\\mywebsites\\run213\\dataconnect": could not find dataconnect.yaml in `c:\mywebsites\run213\dataconnect`
 {"metadata":{"emulator":{"name":"dataconnect"},"message":"E0806 17:58:23.610740     960 watch.go:40] Failed to load config from \"c:\\\\mywebsites\\\\run213\\\\dataconnect\": could not find dataconnect.yaml in `c:\\mywebsites\\run213\\dataconnect`\n"}}
[debug] [2026-08-06T16:58:33.609Z] E0806 17:58:33.609352     960 watch.go:40] Failed to load config from "c:\\mywebsites\\run213\\dataconnect": could not find dataconnect.yaml in `c:\mywebsites\run213\dataconnect`
 {"metadata":{"emulator":{"name":"dataconnect"},"message":"E0806 17:58:33.609352     960 watch.go:40] Failed to load config from \"c:\\\\mywebsites\\\\run213\\\\dataconnect\": could not find dataconnect.yaml in `c:\\mywebsites\\run213\\dataconnect`\n"}}
[debug] [2026-08-06T16:58:43.610Z] E0806 17:58:43.609795     960 watch.go:40] Failed to load config from "c:\\mywebsites\\run213\\dataconnect": could not find dataconnect.yaml in `c:\mywebsites\run213\dataconnect`
 {"metadata":{"emulator":{"name":"dataconnect"},"message":"E0806 17:58:43.609795     960 watch.go:40] Failed to load config from \"c:\\\\mywebsites\\\\run213\\\\dataconnect\": could not find dataconnect.yaml in `c:\\mywebsites\\run213\\dataconnect`\n"}}
[debug] [2026-08-06T16:58:53.609Z] E0806 17:58:53.609052     960 watch.go:40] Failed to load config from "c:\\mywebsites\\run213\\dataconnect": could not find dataconnect.yaml in `c:\mywebsites\run213\dataconnect`
 {"metadata":{"emulator":{"name":"dataconnect"},"message":"E0806 17:58:53.609052     960 watch.go:40] Failed to load config from \"c:\\\\mywebsites\\\\run213\\\\dataconnect\": could not find dataconnect.yaml in `c:\\mywebsites\\run213\\dataconnect`\n"}}
[debug] [2026-08-06T16:59:03.609Z] E0806 17:59:03.609218     960 watch.go:40] Failed to load config from "c:\\mywebsites\\run213\\dataconnect": could not find dataconnect.yaml in `c:\mywebsites\run213\dataconnect`
 {"metadata":{"emulator":{"name":"dataconnect"},"message":"E0806 17:59:03.609218     960 watch.go:40] Failed to load config from \"c:\\\\mywebsites\\\\run213\\\\dataconnect\": could not find dataconnect.yaml in `c:\\mywebsites\\run213\\dataconnect`\n"}}
[debug] [2026-08-06T16:59:13.610Z] E0806 17:59:13.609520     960 watch.go:40] Failed to load config from "c:\\mywebsites\\run213\\dataconnect": could not find dataconnect.yaml in `c:\mywebsites\run213\dataconnect`
 {"metadata":{"emulator":{"name":"dataconnect"},"message":"E0806 17:59:13.609520     960 watch.go:40] Failed to load config from \"c:\\\\mywebsites\\\\run213\\\\dataconnect\": could not find dataconnect.yaml in `c:\\mywebsites\\run213\\dataconnect`\n"}}
[debug] [2026-08-06T16:59:23.609Z] E0806 17:59:23.608493     960 watch.go:116] watchAllDir unable to walk dir `c:\mywebsites\run213\dataconnect`: GetFileAttributesEx c:\mywebsites\run213\dataconnect: The system cannot find the file specified.
 {"metadata":{"emulator":{"name":"dataconnect"},"message":"E0806 17:59:23.608493     960 watch.go:116] watchAllDir unable to walk dir `c:\\mywebsites\\run213\\dataconnect`: GetFileAttributesEx c:\\mywebsites\\run213\\dataconnect: The system cannot find the file specified.\n"}}
[debug] [2026-08-06T16:59:23.611Z] E0806 17:59:23.609018     960 watch.go:40] Failed to load config from "c:\\mywebsites\\run213\\dataconnect": could not find dataconnect.yaml in `c:\mywebsites\run213\dataconnect`
 {"metadata":{"emulator":{"name":"dataconnect"},"message":"E0806 17:59:23.609018     960 watch.go:40] Failed to load config from \"c:\\\\mywebsites\\\\run213\\\\dataconnect\": could not find dataconnect.yaml in `c:\\mywebsites\\run213\\dataconnect`\n"}}
[debug] [2026-08-06T16:59:33.609Z] E0806 17:59:33.609378     960 watch.go:40] Failed to load config from "c:\\mywebsites\\run213\\dataconnect": could not find dataconnect.yaml in `c:\mywebsites\run213\dataconnect`
 {"metadata":{"emulator":{"name":"dataconnect"},"message":"E0806 17:59:33.609378     960 watch.go:40] Failed to load config from \"c:\\\\mywebsites\\\\run213\\\\dataconnect\": could not find dataconnect.yaml in `c:\\mywebsites\\run213\\dataconnect`\n"}}
[debug] [2026-08-06T16:59:43.609Z] E0806 17:59:43.609355     960 watch.go:40] Failed to load config from "c:\\mywebsites\\run213\\dataconnect": could not find dataconnect.yaml in `c:\mywebsites\run213\dataconnect`
 {"metadata":{"emulator":{"name":"dataconnect"},"message":"E0806 17:59:43.609355     960 watch.go:40] Failed to load config from \"c:\\\\mywebsites\\\\run213\\\\dataconnect\": could not find dataconnect.yaml in `c:\\mywebsites\\run213\\dataconnect`\n"}}
[debug] [2026-08-06T16:59:53.608Z] E0806 17:59:53.608506     960 watch.go:40] Failed to load config from "c:\\mywebsites\\run213\\dataconnect": could not find dataconnect.yaml in `c:\mywebsites\run213\dataconnect`
 {"metadata":{"emulator":{"name":"dataconnect"},"message":"E0806 17:59:53.608506     960 watch.go:40] Failed to load config from \"c:\\\\mywebsites\\\\run213\\\\dataconnect\": could not find dataconnect.yaml in `c:\\mywebsites\\run213\\dataconnect`\n"}}
[debug] [2026-08-06T17:00:03.611Z] E0806 18:00:03.611163     960 watch.go:40] Failed to load config from "c:\\mywebsites\\run213\\dataconnect": could not find dataconnect.yaml in `c:\mywebsites\run213\dataconnect`
 {"metadata":{"emulator":{"name":"dataconnect"},"message":"E0806 18:00:03.611163     960 watch.go:40] Failed to load config from \"c:\\\\mywebsites\\\\run213\\\\dataconnect\": could not find dataconnect.yaml in `c:\\mywebsites\\run213\\dataconnect`\n"}}
[debug] [2026-08-06T17:00:13.610Z] E0806 18:00:13.610322     960 watch.go:40] Failed to load config from "c:\\mywebsites\\run213\\dataconnect": could not find dataconnect.yaml in `c:\mywebsites\run213\dataconnect`
 {"metadata":{"emulator":{"name":"dataconnect"},"message":"E0806 18:00:13.610322     960 watch.go:40] Failed to load config from \"c:\\\\mywebsites\\\\run213\\\\dataconnect\": could not find dataconnect.yaml in `c:\\mywebsites\\run213\\dataconnect`\n"}}
[debug] [2026-08-06T17:00:23.609Z] E0806 18:00:23.609106     960 watch.go:116] watchAllDir unable to walk dir `c:\mywebsites\run213\dataconnect`: GetFileAttributesEx c:\mywebsites\run213\dataconnect: The system cannot find the file specified.
 {"metadata":{"emulator":{"name":"dataconnect"},"message":"E0806 18:00:23.609106     960 watch.go:116] watchAllDir unable to walk dir `c:\\mywebsites\\run213\\dataconnect`: GetFileAttributesEx c:\\mywebsites\\run213\\dataconnect: The system cannot find the file specified.\n"}}
[debug] [2026-08-06T17:00:23.611Z] E0806 18:00:23.611435     960 watch.go:40] Failed to load config from "c:\\mywebsites\\run213\\dataconnect": could not find dataconnect.yaml in `c:\mywebsites\run213\dataconnect`
 {"metadata":{"emulator":{"name":"dataconnect"},"message":"E0806 18:00:23.611435     960 watch.go:40] Failed to load config from \"c:\\\\mywebsites\\\\run213\\\\dataconnect\": could not find dataconnect.yaml in `c:\\mywebsites\\run213\\dataconnect`\n"}}
[debug] [2026-08-06T17:00:33.610Z] E0806 18:00:33.609907     960 watch.go:40] Failed to load config from "c:\\mywebsites\\run213\\dataconnect": could not find dataconnect.yaml in `c:\mywebsites\run213\dataconnect`
 {"metadata":{"emulator":{"name":"dataconnect"},"message":"E0806 18:00:33.609907     960 watch.go:40] Failed to load config from \"c:\\\\mywebsites\\\\run213\\\\dataconnect\": could not find dataconnect.yaml in `c:\\mywebsites\\run213\\dataconnect`\n"}}
[debug] [2026-08-06T17:00:43.610Z] E0806 18:00:43.610103     960 watch.go:40] Failed to load config from "c:\\mywebsites\\run213\\dataconnect": could not find dataconnect.yaml in `c:\mywebsites\run213\dataconnect`
 {"metadata":{"emulator":{"name":"dataconnect"},"message":"E0806 18:00:43.610103     960 watch.go:40] Failed to load config from \"c:\\\\mywebsites\\\\run213\\\\dataconnect\": could not find dataconnect.yaml in `c:\\mywebsites\\run213\\dataconnect`\n"}}
[debug] [2026-08-06T17:00:53.613Z] E0806 18:00:53.613057     960 watch.go:40] Failed to load config from "c:\\mywebsites\\run213\\dataconnect": could not find dataconnect.yaml in `c:\mywebsites\run213\dataconnect`
 {"metadata":{"emulator":{"name":"dataconnect"},"message":"E0806 18:00:53.613057     960 watch.go:40] Failed to load config from \"c:\\\\mywebsites\\\\run213\\\\dataconnect\": could not find dataconnect.yaml in `c:\\mywebsites\\run213\\dataconnect`\n"}}
[debug] [2026-08-06T17:01:03.609Z] E0806 18:01:03.608818     960 watch.go:40] Failed to load config from "c:\\mywebsites\\run213\\dataconnect": could not find dataconnect.yaml in `c:\mywebsites\run213\dataconnect`
 {"metadata":{"emulator":{"name":"dataconnect"},"message":"E0806 18:01:03.608818     960 watch.go:40] Failed to load config from \"c:\\\\mywebsites\\\\run213\\\\dataconnect\": could not find dataconnect.yaml in `c:\\mywebsites\\run213\\dataconnect`\n"}}
[debug] [2026-08-06T17:01:13.609Z] E0806 18:01:13.608934     960 watch.go:40] Failed to load config from "c:\\mywebsites\\run213\\dataconnect": could not find dataconnect.yaml in `c:\mywebsites\run213\dataconnect`
 {"metadata":{"emulator":{"name":"dataconnect"},"message":"E0806 18:01:13.608934     960 watch.go:40] Failed to load config from \"c:\\\\mywebsites\\\\run213\\\\dataconnect\": could not find dataconnect.yaml in `c:\\mywebsites\\run213\\dataconnect`\n"}}
[debug] [2026-08-06T17:01:23.609Z] E0806 18:01:23.608904     960 watch.go:116] watchAllDir unable to walk dir `c:\mywebsites\run213\dataconnect`: GetFileAttributesEx c:\mywebsites\run213\dataconnect: The system cannot find the file specified.
 {"metadata":{"emulator":{"name":"dataconnect"},"message":"E0806 18:01:23.608904     960 watch.go:116] watchAllDir unable to walk dir `c:\\mywebsites\\run213\\dataconnect`: GetFileAttributesEx c:\\mywebsites\\run213\\dataconnect: The system cannot find the file specified.\n"}}
[debug] [2026-08-06T17:01:23.610Z] E0806 18:01:23.609497     960 watch.go:40] Failed to load config from "c:\\mywebsites\\run213\\dataconnect": could not find dataconnect.yaml in `c:\mywebsites\run213\dataconnect`
 {"metadata":{"emulator":{"name":"dataconnect"},"message":"E0806 18:01:23.609497     960 watch.go:40] Failed to load config from \"c:\\\\mywebsites\\\\run213\\\\dataconnect\": could not find dataconnect.yaml in `c:\\mywebsites\\run213\\dataconnect`\n"}}
[debug] [2026-08-06T17:01:33.610Z] E0806 18:01:33.609327     960 watch.go:40] Failed to load config from "c:\\mywebsites\\run213\\dataconnect": could not find dataconnect.yaml in `c:\mywebsites\run213\dataconnect`
 {"metadata":{"emulator":{"name":"dataconnect"},"message":"E0806 18:01:33.609327     960 watch.go:40] Failed to load config from \"c:\\\\mywebsites\\\\run213\\\\dataconnect\": could not find dataconnect.yaml in `c:\\mywebsites\\run213\\dataconnect`\n"}}
[debug] [2026-08-06T17:01:43.613Z] E0806 18:01:43.613415     960 watch.go:40] Failed to load config from "c:\\mywebsites\\run213\\dataconnect": could not find dataconnect.yaml in `c:\mywebsites\run213\dataconnect`
 {"metadata":{"emulator":{"name":"dataconnect"},"message":"E0806 18:01:43.613415     960 watch.go:40] Failed to load config from \"c:\\\\mywebsites\\\\run213\\\\dataconnect\": could not find dataconnect.yaml in `c:\\mywebsites\\run213\\dataconnect`\n"}}
[debug] [2026-08-06T17:01:53.610Z] E0806 18:01:53.609838     960 watch.go:40] Failed to load config from "c:\\mywebsites\\run213\\dataconnect": could not find dataconnect.yaml in `c:\mywebsites\run213\dataconnect`
 {"metadata":{"emulator":{"name":"dataconnect"},"message":"E0806 18:01:53.609838     960 watch.go:40] Failed to load config from \"c:\\\\mywebsites\\\\run213\\\\dataconnect\": could not find dataconnect.yaml in `c:\\mywebsites\\run213\\dataconnect`\n"}}
[debug] [2026-08-06T17:02:03.608Z] E0806 18:02:03.608442     960 watch.go:40] Failed to load config from "c:\\mywebsites\\run213\\dataconnect": could not find dataconnect.yaml in `c:\mywebsites\run213\dataconnect`
 {"metadata":{"emulator":{"name":"dataconnect"},"message":"E0806 18:02:03.608442     960 watch.go:40] Failed to load config from \"c:\\\\mywebsites\\\\run213\\\\dataconnect\": could not find dataconnect.yaml in `c:\\mywebsites\\run213\\dataconnect`\n"}}
[debug] [2026-08-06T17:02:13.609Z] E0806 18:02:13.608603     960 watch.go:40] Failed to load config from "c:\\mywebsites\\run213\\dataconnect": could not find dataconnect.yaml in `c:\mywebsites\run213\dataconnect`
 {"metadata":{"emulator":{"name":"dataconnect"},"message":"E0806 18:02:13.608603     960 watch.go:40] Failed to load config from \"c:\\\\mywebsites\\\\run213\\\\dataconnect\": could not find dataconnect.yaml in `c:\\mywebsites\\run213\\dataconnect`\n"}}
[debug] [2026-08-06T17:02:23.610Z] E0806 18:02:23.609912     960 watch.go:116] watchAllDir unable to walk dir `c:\mywebsites\run213\dataconnect`: GetFileAttributesEx c:\mywebsites\run213\dataconnect: The system cannot find the file specified.
 {"metadata":{"emulator":{"name":"dataconnect"},"message":"E0806 18:02:23.609912     960 watch.go:116] watchAllDir unable to walk dir `c:\\mywebsites\\run213\\dataconnect`: GetFileAttributesEx c:\\mywebsites\\run213\\dataconnect: The system cannot find the file specified.\n"}}
[debug] [2026-08-06T17:02:23.612Z] E0806 18:02:23.610694     960 watch.go:40] Failed to load config from "c:\\mywebsites\\run213\\dataconnect": could not find dataconnect.yaml in `c:\mywebsites\run213\dataconnect`
 {"metadata":{"emulator":{"name":"dataconnect"},"message":"E0806 18:02:23.610694     960 watch.go:40] Failed to load config from \"c:\\\\mywebsites\\\\run213\\\\dataconnect\": could not find dataconnect.yaml in `c:\\mywebsites\\run213\\dataconnect`\n"}}
[debug] [2026-08-06T17:02:33.610Z] E0806 18:02:33.610064     960 watch.go:40] Failed to load config from "c:\\mywebsites\\run213\\dataconnect": could not find dataconnect.yaml in `c:\mywebsites\run213\dataconnect`
 {"metadata":{"emulator":{"name":"dataconnect"},"message":"E0806 18:02:33.610064     960 watch.go:40] Failed to load config from \"c:\\\\mywebsites\\\\run213\\\\dataconnect\": could not find dataconnect.yaml in `c:\\mywebsites\\run213\\dataconnect`\n"}}
[debug] [2026-08-06T17:02:43.610Z] E0806 18:02:43.609809     960 watch.go:40] Failed to load config from "c:\\mywebsites\\run213\\dataconnect": could not find dataconnect.yaml in `c:\mywebsites\run213\dataconnect`
 {"metadata":{"emulator":{"name":"dataconnect"},"message":"E0806 18:02:43.609809     960 watch.go:40] Failed to load config from \"c:\\\\mywebsites\\\\run213\\\\dataconnect\": could not find dataconnect.yaml in `c:\\mywebsites\\run213\\dataconnect`\n"}}
[debug] [2026-08-06T17:02:53.610Z] E0806 18:02:53.610539     960 watch.go:40] Failed to load config from "c:\\mywebsites\\run213\\dataconnect": could not find dataconnect.yaml in `c:\mywebsites\run213\dataconnect`
 {"metadata":{"emulator":{"name":"dataconnect"},"message":"E0806 18:02:53.610539     960 watch.go:40] Failed to load config from \"c:\\\\mywebsites\\\\run213\\\\dataconnect\": could not find dataconnect.yaml in `c:\\mywebsites\\run213\\dataconnect`\n"}}
[debug] [2026-08-06T17:03:03.626Z] E0806 18:03:03.625819     960 watch.go:40] Failed to load config from "c:\\mywebsites\\run213\\dataconnect": could not find dataconnect.yaml in `c:\mywebsites\run213\dataconnect`
 {"metadata":{"emulator":{"name":"dataconnect"},"message":"E0806 18:03:03.625819     960 watch.go:40] Failed to load config from \"c:\\\\mywebsites\\\\run213\\\\dataconnect\": could not find dataconnect.yaml in `c:\\mywebsites\\run213\\dataconnect`\n"}}
[debug] [2026-08-06T17:03:13.614Z] E0806 18:03:13.613772     960 watch.go:40] Failed to load config from "c:\\mywebsites\\run213\\dataconnect": could not find dataconnect.yaml in `c:\mywebsites\run213\dataconnect`
 {"metadata":{"emulator":{"name":"dataconnect"},"message":"E0806 18:03:13.613772     960 watch.go:40] Failed to load config from \"c:\\\\mywebsites\\\\run213\\\\dataconnect\": could not find dataconnect.yaml in `c:\\mywebsites\\run213\\dataconnect`\n"}}
[debug] [2026-08-06T17:03:23.608Z] E0806 18:03:23.609044     960 watch.go:116] watchAllDir unable to walk dir `c:\mywebsites\run213\dataconnect`: GetFileAttributesEx c:\mywebsites\run213\dataconnect: The system cannot find the file specified.
 {"metadata":{"emulator":{"name":"dataconnect"},"message":"E0806 18:03:23.609044     960 watch.go:116] watchAllDir unable to walk dir `c:\\mywebsites\\run213\\dataconnect`: GetFileAttributesEx c:\\mywebsites\\run213\\dataconnect: The system cannot find the file specified.\n"}}
[debug] [2026-08-06T17:03:23.609Z] E0806 18:03:23.609044     960 watch.go:40] Failed to load config from "c:\\mywebsites\\run213\\dataconnect": could not find dataconnect.yaml in `c:\mywebsites\run213\dataconnect`
 {"metadata":{"emulator":{"name":"dataconnect"},"message":"E0806 18:03:23.609044     960 watch.go:40] Failed to load config from \"c:\\\\mywebsites\\\\run213\\\\dataconnect\": could not find dataconnect.yaml in `c:\\mywebsites\\run213\\dataconnect`\n"}}
[debug] [2026-08-06T17:03:33.609Z] E0806 18:03:33.609842     960 watch.go:40] Failed to load config from "c:\\mywebsites\\run213\\dataconnect": could not find dataconnect.yaml in `c:\mywebsites\run213\dataconnect`
 {"metadata":{"emulator":{"name":"dataconnect"},"message":"E0806 18:03:33.609842     960 watch.go:40] Failed to load config from \"c:\\\\mywebsites\\\\run213\\\\dataconnect\": could not find dataconnect.yaml in `c:\\mywebsites\\run213\\dataconnect`\n"}}
[debug] [2026-08-06T17:03:43.609Z] E0806 18:03:43.608430     960 watch.go:40] Failed to load config from "c:\\mywebsites\\run213\\dataconnect": could not find dataconnect.yaml in `c:\mywebsites\run213\dataconnect`
 {"metadata":{"emulator":{"name":"dataconnect"},"message":"E0806 18:03:43.608430     960 watch.go:40] Failed to load config from \"c:\\\\mywebsites\\\\run213\\\\dataconnect\": could not find dataconnect.yaml in `c:\\mywebsites\\run213\\dataconnect`\n"}}
[debug] [2026-08-06T17:03:53.609Z] E0806 18:03:53.608581     960 watch.go:40] Failed to load config from "c:\\mywebsites\\run213\\dataconnect": could not find dataconnect.yaml in `c:\mywebsites\run213\dataconnect`
 {"metadata":{"emulator":{"name":"dataconnect"},"message":"E0806 18:03:53.608581     960 watch.go:40] Failed to load config from \"c:\\\\mywebsites\\\\run213\\\\dataconnect\": could not find dataconnect.yaml in `c:\\mywebsites\\run213\\dataconnect`\n"}}
[debug] [2026-08-06T17:04:03.608Z] E0806 18:04:03.608123     960 watch.go:40] Failed to load config from "c:\\mywebsites\\run213\\dataconnect": could not find dataconnect.yaml in `c:\mywebsites\run213\dataconnect`
 {"metadata":{"emulator":{"name":"dataconnect"},"message":"E0806 18:04:03.608123     960 watch.go:40] Failed to load config from \"c:\\\\mywebsites\\\\run213\\\\dataconnect\": could not find dataconnect.yaml in `c:\\mywebsites\\run213\\dataconnect`\n"}}
[debug] [2026-08-06T17:04:13.609Z] E0806 18:04:13.609185     960 watch.go:40] Failed to load config from "c:\\mywebsites\\run213\\dataconnect": could not find dataconnect.yaml in `c:\mywebsites\run213\dataconnect`
 {"metadata":{"emulator":{"name":"dataconnect"},"message":"E0806 18:04:13.609185     960 watch.go:40] Failed to load config from \"c:\\\\mywebsites\\\\run213\\\\dataconnect\": could not find dataconnect.yaml in `c:\\mywebsites\\run213\\dataconnect`\n"}}
[debug] [2026-08-06T17:04:23.609Z] E0806 18:04:23.609047     960 watch.go:116] watchAllDir unable to walk dir `c:\mywebsites\run213\dataconnect`: GetFileAttributesEx c:\mywebsites\run213\dataconnect: The system cannot find the file specified.
 {"metadata":{"emulator":{"name":"dataconnect"},"message":"E0806 18:04:23.609047     960 watch.go:116] watchAllDir unable to walk dir `c:\\mywebsites\\run213\\dataconnect`: GetFileAttributesEx c:\\mywebsites\\run213\\dataconnect: The system cannot find the file specified.\n"}}
[debug] [2026-08-06T17:04:23.611Z] E0806 18:04:23.610051     960 watch.go:40] Failed to load config from "c:\\mywebsites\\run213\\dataconnect": could not find dataconnect.yaml in `c:\mywebsites\run213\dataconnect`
 {"metadata":{"emulator":{"name":"dataconnect"},"message":"E0806 18:04:23.610051     960 watch.go:40] Failed to load config from \"c:\\\\mywebsites\\\\run213\\\\dataconnect\": could not find dataconnect.yaml in `c:\\mywebsites\\run213\\dataconnect`\n"}}
[debug] [2026-08-06T17:04:33.608Z] E0806 18:04:33.609116     960 watch.go:40] Failed to load config from "c:\\mywebsites\\run213\\dataconnect": could not find dataconnect.yaml in `c:\mywebsites\run213\dataconnect`
 {"metadata":{"emulator":{"name":"dataconnect"},"message":"E0806 18:04:33.609116     960 watch.go:40] Failed to load config from \"c:\\\\mywebsites\\\\run213\\\\dataconnect\": could not find dataconnect.yaml in `c:\\mywebsites\\run213\\dataconnect`\n"}}
[debug] [2026-08-06T17:04:43.608Z] E0806 18:04:43.608296     960 watch.go:40] Failed to load config from "c:\\mywebsites\\run213\\dataconnect": could not find dataconnect.yaml in `c:\mywebsites\run213\dataconnect`
 {"metadata":{"emulator":{"name":"dataconnect"},"message":"E0806 18:04:43.608296     960 watch.go:40] Failed to load config from \"c:\\\\mywebsites\\\\run213\\\\dataconnect\": could not find dataconnect.yaml in `c:\\mywebsites\\run213\\dataconnect`\n"}}
[debug] [2026-08-06T17:04:53.608Z] E0806 18:04:53.608320     960 watch.go:40] Failed to load config from "c:\\mywebsites\\run213\\dataconnect": could not find dataconnect.yaml in `c:\mywebsites\run213\dataconnect`
 {"metadata":{"emulator":{"name":"dataconnect"},"message":"E0806 18:04:53.608320     960 watch.go:40] Failed to load config from \"c:\\\\mywebsites\\\\run213\\\\dataconnect\": could not find dataconnect.yaml in `c:\\mywebsites\\run213\\dataconnect`\n"}}
[debug] [2026-08-06T17:05:03.610Z] E0806 18:05:03.610231     960 watch.go:40] Failed to load config from "c:\\mywebsites\\run213\\dataconnect": could not find dataconnect.yaml in `c:\mywebsites\run213\dataconnect`
 {"metadata":{"emulator":{"name":"dataconnect"},"message":"E0806 18:05:03.610231     960 watch.go:40] Failed to load config from \"c:\\\\mywebsites\\\\run213\\\\dataconnect\": could not find dataconnect.yaml in `c:\\mywebsites\\run213\\dataconnect`\n"}}
[debug] [2026-08-06T17:05:13.610Z] E0806 18:05:13.610316     960 watch.go:40] Failed to load config from "c:\\mywebsites\\run213\\dataconnect": could not find dataconnect.yaml in `c:\mywebsites\run213\dataconnect`
 {"metadata":{"emulator":{"name":"dataconnect"},"message":"E0806 18:05:13.610316     960 watch.go:40] Failed to load config from \"c:\\\\mywebsites\\\\run213\\\\dataconnect\": could not find dataconnect.yaml in `c:\\mywebsites\\run213\\dataconnect`\n"}}
[debug] [2026-08-06T17:05:23.609Z] E0806 18:05:23.608899     960 watch.go:116] watchAllDir unable to walk dir `c:\mywebsites\run213\dataconnect`: GetFileAttributesEx c:\mywebsites\run213\dataconnect: The system cannot find the file specified.
 {"metadata":{"emulator":{"name":"dataconnect"},"message":"E0806 18:05:23.608899     960 watch.go:116] watchAllDir unable to walk dir `c:\\mywebsites\\run213\\dataconnect`: GetFileAttributesEx c:\\mywebsites\\run213\\dataconnect: The system cannot find the file specified.\n"}}
[debug] [2026-08-06T17:05:23.614Z] E0806 18:05:23.612998     960 watch.go:40] Failed to load config from "c:\\mywebsites\\run213\\dataconnect": could not find dataconnect.yaml in `c:\mywebsites\run213\dataconnect`
 {"metadata":{"emulator":{"name":"dataconnect"},"message":"E0806 18:05:23.612998     960 watch.go:40] Failed to load config from \"c:\\\\mywebsites\\\\run213\\\\dataconnect\": could not find dataconnect.yaml in `c:\\mywebsites\\run213\\dataconnect`\n"}}
[debug] [2026-08-06T17:05:33.609Z] E0806 18:05:33.608911     960 watch.go:40] Failed to load config from "c:\\mywebsites\\run213\\dataconnect": could not find dataconnect.yaml in `c:\mywebsites\run213\dataconnect`
 {"metadata":{"emulator":{"name":"dataconnect"},"message":"E0806 18:05:33.608911     960 watch.go:40] Failed to load config from \"c:\\\\mywebsites\\\\run213\\\\dataconnect\": could not find dataconnect.yaml in `c:\\mywebsites\\run213\\dataconnect`\n"}}
[debug] [2026-08-06T17:05:43.609Z] E0806 18:05:43.608443     960 watch.go:40] Failed to load config from "c:\\mywebsites\\run213\\dataconnect": could not find dataconnect.yaml in `c:\mywebsites\run213\dataconnect`
 {"metadata":{"emulator":{"name":"dataconnect"},"message":"E0806 18:05:43.608443     960 watch.go:40] Failed to load config from \"c:\\\\mywebsites\\\\run213\\\\dataconnect\": could not find dataconnect.yaml in `c:\\mywebsites\\run213\\dataconnect`\n"}}
[debug] [2026-08-06T17:05:53.608Z] E0806 18:05:53.608495     960 watch.go:40] Failed to load config from "c:\\mywebsites\\run213\\dataconnect": could not find dataconnect.yaml in `c:\mywebsites\run213\dataconnect`
 {"metadata":{"emulator":{"name":"dataconnect"},"message":"E0806 18:05:53.608495     960 watch.go:40] Failed to load config from \"c:\\\\mywebsites\\\\run213\\\\dataconnect\": could not find dataconnect.yaml in `c:\\mywebsites\\run213\\dataconnect`\n"}}
[debug] [2026-08-06T17:06:03.609Z] E0806 18:06:03.609364     960 watch.go:40] Failed to load config from "c:\\mywebsites\\run213\\dataconnect": could not find dataconnect.yaml in `c:\mywebsites\run213\dataconnect`
 {"metadata":{"emulator":{"name":"dataconnect"},"message":"E0806 18:06:03.609364     960 watch.go:40] Failed to load config from \"c:\\\\mywebsites\\\\run213\\\\dataconnect\": could not find dataconnect.yaml in `c:\\mywebsites\\run213\\dataconnect`\n"}}
[debug] [2026-08-06T17:06:13.609Z] E0806 18:06:13.609155     960 watch.go:40] Failed to load config from "c:\\mywebsites\\run213\\dataconnect": could not find dataconnect.yaml in `c:\mywebsites\run213\dataconnect`
 {"metadata":{"emulator":{"name":"dataconnect"},"message":"E0806 18:06:13.609155     960 watch.go:40] Failed to load config from \"c:\\\\mywebsites\\\\run213\\\\dataconnect\": could not find dataconnect.yaml in `c:\\mywebsites\\run213\\dataconnect`\n"}}
[debug] [2026-08-06T17:06:23.609Z] E0806 18:06:23.609341     960 watch.go:116] watchAllDir unable to walk dir `c:\mywebsites\run213\dataconnect`: GetFileAttributesEx c:\mywebsites\run213\dataconnect: The system cannot find the file specified.
 {"metadata":{"emulator":{"name":"dataconnect"},"message":"E0806 18:06:23.609341     960 watch.go:116] watchAllDir unable to walk dir `c:\\mywebsites\\run213\\dataconnect`: GetFileAttributesEx c:\\mywebsites\\run213\\dataconnect: The system cannot find the file specified.\n"}}
[debug] [2026-08-06T17:06:23.612Z] E0806 18:06:23.609963     960 watch.go:40] Failed to load config from "c:\\mywebsites\\run213\\dataconnect": could not find dataconnect.yaml in `c:\mywebsites\run213\dataconnect`
 {"metadata":{"emulator":{"name":"dataconnect"},"message":"E0806 18:06:23.609963     960 watch.go:40] Failed to load config from \"c:\\\\mywebsites\\\\run213\\\\dataconnect\": could not find dataconnect.yaml in `c:\\mywebsites\\run213\\dataconnect`\n"}}
[debug] [2026-08-06T17:06:33.609Z] E0806 18:06:33.609223     960 watch.go:40] Failed to load config from "c:\\mywebsites\\run213\\dataconnect": could not find dataconnect.yaml in `c:\mywebsites\run213\dataconnect`
 {"metadata":{"emulator":{"name":"dataconnect"},"message":"E0806 18:06:33.609223     960 watch.go:40] Failed to load config from \"c:\\\\mywebsites\\\\run213\\\\dataconnect\": could not find dataconnect.yaml in `c:\\mywebsites\\run213\\dataconnect`\n"}}
[debug] [2026-08-06T17:06:43.609Z] E0806 18:06:43.609152     960 watch.go:40] Failed to load config from "c:\\mywebsites\\run213\\dataconnect": could not find dataconnect.yaml in `c:\mywebsites\run213\dataconnect`
 {"metadata":{"emulator":{"name":"dataconnect"},"message":"E0806 18:06:43.609152     960 watch.go:40] Failed to load config from \"c:\\\\mywebsites\\\\run213\\\\dataconnect\": could not find dataconnect.yaml in `c:\\mywebsites\\run213\\dataconnect`\n"}}
[debug] [2026-08-06T17:06:53.610Z] E0806 18:06:53.609727     960 watch.go:40] Failed to load config from "c:\\mywebsites\\run213\\dataconnect": could not find dataconnect.yaml in `c:\mywebsites\run213\dataconnect`
 {"metadata":{"emulator":{"name":"dataconnect"},"message":"E0806 18:06:53.609727     960 watch.go:40] Failed to load config from \"c:\\\\mywebsites\\\\run213\\\\dataconnect\": could not find dataconnect.yaml in `c:\\mywebsites\\run213\\dataconnect`\n"}}
[debug] [2026-08-06T17:07:03.610Z] E0806 18:07:03.610209     960 watch.go:40] Failed to load config from "c:\\mywebsites\\run213\\dataconnect": could not find dataconnect.yaml in `c:\mywebsites\run213\dataconnect`
 {"metadata":{"emulator":{"name":"dataconnect"},"message":"E0806 18:07:03.610209     960 watch.go:40] Failed to load config from \"c:\\\\mywebsites\\\\run213\\\\dataconnect\": could not find dataconnect.yaml in `c:\\mywebsites\\run213\\dataconnect`\n"}}
[debug] [2026-08-06T17:07:13.611Z] E0806 18:07:13.610673     960 watch.go:40] Failed to load config from "c:\\mywebsites\\run213\\dataconnect": could not find dataconnect.yaml in `c:\mywebsites\run213\dataconnect`
 {"metadata":{"emulator":{"name":"dataconnect"},"message":"E0806 18:07:13.610673     960 watch.go:40] Failed to load config from \"c:\\\\mywebsites\\\\run213\\\\dataconnect\": could not find dataconnect.yaml in `c:\\mywebsites\\run213\\dataconnect`\n"}}
[debug] [2026-08-06T17:07:23.610Z] E0806 18:07:23.608928     960 watch.go:116] watchAllDir unable to walk dir `c:\mywebsites\run213\dataconnect`: GetFileAttributesEx c:\mywebsites\run213\dataconnect: The system cannot find the file specified.
 {"metadata":{"emulator":{"name":"dataconnect"},"message":"E0806 18:07:23.608928     960 watch.go:116] watchAllDir unable to walk dir `c:\\mywebsites\\run213\\dataconnect`: GetFileAttributesEx c:\\mywebsites\\run213\\dataconnect: The system cannot find the file specified.\n"}}
[debug] [2026-08-06T17:07:23.613Z] E0806 18:07:23.609953     960 watch.go:40] Failed to load config from "c:\\mywebsites\\run213\\dataconnect": could not find dataconnect.yaml in `c:\mywebsites\run213\dataconnect`
 {"metadata":{"emulator":{"name":"dataconnect"},"message":"E0806 18:07:23.609953     960 watch.go:40] Failed to load config from \"c:\\\\mywebsites\\\\run213\\\\dataconnect\": could not find dataconnect.yaml in `c:\\mywebsites\\run213\\dataconnect`\n"}}
[debug] [2026-08-06T17:07:33.610Z] E0806 18:07:33.609623     960 watch.go:40] Failed to load config from "c:\\mywebsites\\run213\\dataconnect": could not find dataconnect.yaml in `c:\mywebsites\run213\dataconnect`
 {"metadata":{"emulator":{"name":"dataconnect"},"message":"E0806 18:07:33.609623     960 watch.go:40] Failed to load config from \"c:\\\\mywebsites\\\\run213\\\\dataconnect\": could not find dataconnect.yaml in `c:\\mywebsites\\run213\\dataconnect`\n"}}
[debug] [2026-08-06T17:07:43.610Z] E0806 18:07:43.609124     960 watch.go:40] Failed to load config from "c:\\mywebsites\\run213\\dataconnect": could not find dataconnect.yaml in `c:\mywebsites\run213\dataconnect`
 {"metadata":{"emulator":{"name":"dataconnect"},"message":"E0806 18:07:43.609124     960 watch.go:40] Failed to load config from \"c:\\\\mywebsites\\\\run213\\\\dataconnect\": could not find dataconnect.yaml in `c:\\mywebsites\\run213\\dataconnect`\n"}}
[debug] [2026-08-06T17:07:53.610Z] E0806 18:07:53.609748     960 watch.go:40] Failed to load config from "c:\\mywebsites\\run213\\dataconnect": could not find dataconnect.yaml in `c:\mywebsites\run213\dataconnect`
 {"metadata":{"emulator":{"name":"dataconnect"},"message":"E0806 18:07:53.609748     960 watch.go:40] Failed to load config from \"c:\\\\mywebsites\\\\run213\\\\dataconnect\": could not find dataconnect.yaml in `c:\\mywebsites\\run213\\dataconnect`\n"}}
[debug] [2026-08-06T17:08:03.610Z] E0806 18:08:03.609631     960 watch.go:40] Failed to load config from "c:\\mywebsites\\run213\\dataconnect": could not find dataconnect.yaml in `c:\mywebsites\run213\dataconnect`
 {"metadata":{"emulator":{"name":"dataconnect"},"message":"E0806 18:08:03.609631     960 watch.go:40] Failed to load config from \"c:\\\\mywebsites\\\\run213\\\\dataconnect\": could not find dataconnect.yaml in `c:\\mywebsites\\run213\\dataconnect`\n"}}
[debug] [2026-08-06T17:08:13.610Z] E0806 18:08:13.609703     960 watch.go:40] Failed to load config from "c:\\mywebsites\\run213\\dataconnect": could not find dataconnect.yaml in `c:\mywebsites\run213\dataconnect`
 {"metadata":{"emulator":{"name":"dataconnect"},"message":"E0806 18:08:13.609703     960 watch.go:40] Failed to load config from \"c:\\\\mywebsites\\\\run213\\\\dataconnect\": could not find dataconnect.yaml in `c:\\mywebsites\\run213\\dataconnect`\n"}}
[debug] [2026-08-06T17:08:23.609Z] E0806 18:08:23.609256     960 watch.go:116] watchAllDir unable to walk dir `c:\mywebsites\run213\dataconnect`: GetFileAttributesEx c:\mywebsites\run213\dataconnect: The system cannot find the file specified.
 {"metadata":{"emulator":{"name":"dataconnect"},"message":"E0806 18:08:23.609256     960 watch.go:116] watchAllDir unable to walk dir `c:\\mywebsites\\run213\\dataconnect`: GetFileAttributesEx c:\\mywebsites\\run213\\dataconnect: The system cannot find the file specified.\n"}}
[debug] [2026-08-06T17:08:23.611Z] E0806 18:08:23.609780     960 watch.go:40] Failed to load config from "c:\\mywebsites\\run213\\dataconnect": could not find dataconnect.yaml in `c:\mywebsites\run213\dataconnect`
 {"metadata":{"emulator":{"name":"dataconnect"},"message":"E0806 18:08:23.609780     960 watch.go:40] Failed to load config from \"c:\\\\mywebsites\\\\run213\\\\dataconnect\": could not find dataconnect.yaml in `c:\\mywebsites\\run213\\dataconnect`\n"}}
[debug] [2026-08-06T17:08:33.609Z] E0806 18:08:33.609248     960 watch.go:40] Failed to load config from "c:\\mywebsites\\run213\\dataconnect": could not find dataconnect.yaml in `c:\mywebsites\run213\dataconnect`
 {"metadata":{"emulator":{"name":"dataconnect"},"message":"E0806 18:08:33.609248     960 watch.go:40] Failed to load config from \"c:\\\\mywebsites\\\\run213\\\\dataconnect\": could not find dataconnect.yaml in `c:\\mywebsites\\run213\\dataconnect`\n"}}
[debug] [2026-08-06T17:08:43.610Z] E0806 18:08:43.610577     960 watch.go:40] Failed to load config from "c:\\mywebsites\\run213\\dataconnect": could not find dataconnect.yaml in `c:\mywebsites\run213\dataconnect`
 {"metadata":{"emulator":{"name":"dataconnect"},"message":"E0806 18:08:43.610577     960 watch.go:40] Failed to load config from \"c:\\\\mywebsites\\\\run213\\\\dataconnect\": could not find dataconnect.yaml in `c:\\mywebsites\\run213\\dataconnect`\n"}}
[debug] [2026-08-06T17:08:53.610Z] E0806 18:08:53.609948     960 watch.go:40] Failed to load config from "c:\\mywebsites\\run213\\dataconnect": could not find dataconnect.yaml in `c:\mywebsites\run213\dataconnect`
 {"metadata":{"emulator":{"name":"dataconnect"},"message":"E0806 18:08:53.609948     960 watch.go:40] Failed to load config from \"c:\\\\mywebsites\\\\run213\\\\dataconnect\": could not find dataconnect.yaml in `c:\\mywebsites\\run213\\dataconnect`\n"}}
[debug] [2026-08-06T17:09:03.609Z] E0806 18:09:03.609884     960 watch.go:40] Failed to load config from "c:\\mywebsites\\run213\\dataconnect": could not find dataconnect.yaml in `c:\mywebsites\run213\dataconnect`
 {"metadata":{"emulator":{"name":"dataconnect"},"message":"E0806 18:09:03.609884     960 watch.go:40] Failed to load config from \"c:\\\\mywebsites\\\\run213\\\\dataconnect\": could not find dataconnect.yaml in `c:\\mywebsites\\run213\\dataconnect`\n"}}
[debug] [2026-08-06T17:09:13.609Z] E0806 18:09:13.609960     960 watch.go:40] Failed to load config from "c:\\mywebsites\\run213\\dataconnect": could not find dataconnect.yaml in `c:\mywebsites\run213\dataconnect`
 {"metadata":{"emulator":{"name":"dataconnect"},"message":"E0806 18:09:13.609960     960 watch.go:40] Failed to load config from \"c:\\\\mywebsites\\\\run213\\\\dataconnect\": could not find dataconnect.yaml in `c:\\mywebsites\\run213\\dataconnect`\n"}}
[debug] [2026-08-06T17:09:23.609Z] E0806 18:09:23.608638     960 watch.go:116] watchAllDir unable to walk dir `c:\mywebsites\run213\dataconnect`: GetFileAttributesEx c:\mywebsites\run213\dataconnect: The system cannot find the file specified.
 {"metadata":{"emulator":{"name":"dataconnect"},"message":"E0806 18:09:23.608638     960 watch.go:116] watchAllDir unable to walk dir `c:\\mywebsites\\run213\\dataconnect`: GetFileAttributesEx c:\\mywebsites\\run213\\dataconnect: The system cannot find the file specified.\n"}}
[debug] [2026-08-06T17:09:23.612Z] E0806 18:09:23.609630     960 watch.go:40] Failed to load config from "c:\\mywebsites\\run213\\dataconnect": could not find dataconnect.yaml in `c:\mywebsites\run213\dataconnect`
 {"metadata":{"emulator":{"name":"dataconnect"},"message":"E0806 18:09:23.609630     960 watch.go:40] Failed to load config from \"c:\\\\mywebsites\\\\run213\\\\dataconnect\": could not find dataconnect.yaml in `c:\\mywebsites\\run213\\dataconnect`\n"}}
[debug] [2026-08-06T17:09:33.610Z] E0806 18:09:33.609834     960 watch.go:40] Failed to load config from "c:\\mywebsites\\run213\\dataconnect": could not find dataconnect.yaml in `c:\mywebsites\run213\dataconnect`
 {"metadata":{"emulator":{"name":"dataconnect"},"message":"E0806 18:09:33.609834     960 watch.go:40] Failed to load config from \"c:\\\\mywebsites\\\\run213\\\\dataconnect\": could not find dataconnect.yaml in `c:\\mywebsites\\run213\\dataconnect`\n"}}
[debug] [2026-08-06T17:09:43.610Z] E0806 18:09:43.609448     960 watch.go:40] Failed to load config from "c:\\mywebsites\\run213\\dataconnect": could not find dataconnect.yaml in `c:\mywebsites\run213\dataconnect`
 {"metadata":{"emulator":{"name":"dataconnect"},"message":"E0806 18:09:43.609448     960 watch.go:40] Failed to load config from \"c:\\\\mywebsites\\\\run213\\\\dataconnect\": could not find dataconnect.yaml in `c:\\mywebsites\\run213\\dataconnect`\n"}}
[debug] [2026-08-06T17:09:53.609Z] E0806 18:09:53.609002     960 watch.go:40] Failed to load config from "c:\\mywebsites\\run213\\dataconnect": could not find dataconnect.yaml in `c:\mywebsites\run213\dataconnect`
 {"metadata":{"emulator":{"name":"dataconnect"},"message":"E0806 18:09:53.609002     960 watch.go:40] Failed to load config from \"c:\\\\mywebsites\\\\run213\\\\dataconnect\": could not find dataconnect.yaml in `c:\\mywebsites\\run213\\dataconnect`\n"}}
[debug] [2026-08-06T17:10:03.609Z] E0806 18:10:03.608652     960 watch.go:40] Failed to load config from "c:\\mywebsites\\run213\\dataconnect": could not find dataconnect.yaml in `c:\mywebsites\run213\dataconnect`
 {"metadata":{"emulator":{"name":"dataconnect"},"message":"E0806 18:10:03.608652     960 watch.go:40] Failed to load config from \"c:\\\\mywebsites\\\\run213\\\\dataconnect\": could not find dataconnect.yaml in `c:\\mywebsites\\run213\\dataconnect`\n"}}
[debug] [2026-08-06T17:10:13.609Z] E0806 18:10:13.608977     960 watch.go:40] Failed to load config from "c:\\mywebsites\\run213\\dataconnect": could not find dataconnect.yaml in `c:\mywebsites\run213\dataconnect`
 {"metadata":{"emulator":{"name":"dataconnect"},"message":"E0806 18:10:13.608977     960 watch.go:40] Failed to load config from \"c:\\\\mywebsites\\\\run213\\\\dataconnect\": could not find dataconnect.yaml in `c:\\mywebsites\\run213\\dataconnect`\n"}}
[debug] [2026-08-06T17:10:23.638Z] E0806 18:10:23.614260     960 watch.go:116] watchAllDir unable to walk dir `c:\mywebsites\run213\dataconnect`: GetFileAttributesEx c:\mywebsites\run213\dataconnect: The system cannot find the file specified.
E0806 18:10:23.615253     960 watch.go:40] Failed to load config from "c:\\mywebsites\\run213\\dataconnect": could not find dataconnect.yaml in `c:\mywebsites\run213\dataconnect`
 {"metadata":{"emulator":{"name":"dataconnect"},"message":"E0806 18:10:23.614260     960 watch.go:116] watchAllDir unable to walk dir `c:\\mywebsites\\run213\\dataconnect`: GetFileAttributesEx c:\\mywebsites\\run213\\dataconnect: The system cannot find the file specified.\nE0806 18:10:23.615253     960 watch.go:40] Failed to load config from \"c:\\\\mywebsites\\\\run213\\\\dataconnect\": could not find dataconnect.yaml in `c:\\mywebsites\\run213\\dataconnect`\n"}}
[debug] [2026-08-06T17:10:33.609Z] E0806 18:10:33.608866     960 watch.go:40] Failed to load config from "c:\\mywebsites\\run213\\dataconnect": could not find dataconnect.yaml in `c:\mywebsites\run213\dataconnect`
 {"metadata":{"emulator":{"name":"dataconnect"},"message":"E0806 18:10:33.608866     960 watch.go:40] Failed to load config from \"c:\\\\mywebsites\\\\run213\\\\dataconnect\": could not find dataconnect.yaml in `c:\\mywebsites\\run213\\dataconnect`\n"}}
[debug] [2026-08-06T17:10:43.609Z] E0806 18:10:43.609156     960 watch.go:40] Failed to load config from "c:\\mywebsites\\run213\\dataconnect": could not find dataconnect.yaml in `c:\mywebsites\run213\dataconnect`
 {"metadata":{"emulator":{"name":"dataconnect"},"message":"E0806 18:10:43.609156     960 watch.go:40] Failed to load config from \"c:\\\\mywebsites\\\\run213\\\\dataconnect\": could not find dataconnect.yaml in `c:\\mywebsites\\run213\\dataconnect`\n"}}
[debug] [2026-08-06T17:10:53.616Z] E0806 18:10:53.616263     960 watch.go:40] Failed to load config from "c:\\mywebsites\\run213\\dataconnect": could not find dataconnect.yaml in `c:\mywebsites\run213\dataconnect`
 {"metadata":{"emulator":{"name":"dataconnect"},"message":"E0806 18:10:53.616263     960 watch.go:40] Failed to load config from \"c:\\\\mywebsites\\\\run213\\\\dataconnect\": could not find dataconnect.yaml in `c:\\mywebsites\\run213\\dataconnect`\n"}}
[debug] [2026-08-06T17:11:03.610Z] E0806 18:11:03.609255     960 watch.go:40] Failed to load config from "c:\\mywebsites\\run213\\dataconnect": could not find dataconnect.yaml in `c:\mywebsites\run213\dataconnect`
 {"metadata":{"emulator":{"name":"dataconnect"},"message":"E0806 18:11:03.609255     960 watch.go:40] Failed to load config from \"c:\\\\mywebsites\\\\run213\\\\dataconnect\": could not find dataconnect.yaml in `c:\\mywebsites\\run213\\dataconnect`\n"}}
[debug] [2026-08-06T17:11:13.609Z] E0806 18:11:13.609108     960 watch.go:40] Failed to load config from "c:\\mywebsites\\run213\\dataconnect": could not find dataconnect.yaml in `c:\mywebsites\run213\dataconnect`
 {"metadata":{"emulator":{"name":"dataconnect"},"message":"E0806 18:11:13.609108     960 watch.go:40] Failed to load config from \"c:\\\\mywebsites\\\\run213\\\\dataconnect\": could not find dataconnect.yaml in `c:\\mywebsites\\run213\\dataconnect`\n"}}
[debug] [2026-08-06T17:11:23.609Z] E0806 18:11:23.608719     960 watch.go:116] watchAllDir unable to walk dir `c:\mywebsites\run213\dataconnect`: GetFileAttributesEx c:\mywebsites\run213\dataconnect: The system cannot find the file specified.
 {"metadata":{"emulator":{"name":"dataconnect"},"message":"E0806 18:11:23.608719     960 watch.go:116] watchAllDir unable to walk dir `c:\\mywebsites\\run213\\dataconnect`: GetFileAttributesEx c:\\mywebsites\\run213\\dataconnect: The system cannot find the file specified.\n"}}
[debug] [2026-08-06T17:11:23.611Z] E0806 18:11:23.609593     960 watch.go:40] Failed to load config from "c:\\mywebsites\\run213\\dataconnect": could not find dataconnect.yaml in `c:\mywebsites\run213\dataconnect`
 {"metadata":{"emulator":{"name":"dataconnect"},"message":"E0806 18:11:23.609593     960 watch.go:40] Failed to load config from \"c:\\\\mywebsites\\\\run213\\\\dataconnect\": could not find dataconnect.yaml in `c:\\mywebsites\\run213\\dataconnect`\n"}}
[debug] [2026-08-06T17:11:33.609Z] E0806 18:11:33.609054     960 watch.go:40] Failed to load config from "c:\\mywebsites\\run213\\dataconnect": could not find dataconnect.yaml in `c:\mywebsites\run213\dataconnect`
 {"metadata":{"emulator":{"name":"dataconnect"},"message":"E0806 18:11:33.609054     960 watch.go:40] Failed to load config from \"c:\\\\mywebsites\\\\run213\\\\dataconnect\": could not find dataconnect.yaml in `c:\\mywebsites\\run213\\dataconnect`\n"}}
[debug] [2026-08-06T17:11:43.609Z] E0806 18:11:43.609114     960 watch.go:40] Failed to load config from "c:\\mywebsites\\run213\\dataconnect": could not find dataconnect.yaml in `c:\mywebsites\run213\dataconnect`
 {"metadata":{"emulator":{"name":"dataconnect"},"message":"E0806 18:11:43.609114     960 watch.go:40] Failed to load config from \"c:\\\\mywebsites\\\\run213\\\\dataconnect\": could not find dataconnect.yaml in `c:\\mywebsites\\run213\\dataconnect`\n"}}
[debug] [2026-08-06T17:11:53.610Z] E0806 18:11:53.610286     960 watch.go:40] Failed to load config from "c:\\mywebsites\\run213\\dataconnect": could not find dataconnect.yaml in `c:\mywebsites\run213\dataconnect`
 {"metadata":{"emulator":{"name":"dataconnect"},"message":"E0806 18:11:53.610286     960 watch.go:40] Failed to load config from \"c:\\\\mywebsites\\\\run213\\\\dataconnect\": could not find dataconnect.yaml in `c:\\mywebsites\\run213\\dataconnect`\n"}}
